-- --------------------------------------------------------
-- Host:                         127.0.0.1
-- Versión del servidor:         10.1.38-MariaDB - mariadb.org binary distribution
-- SO del servidor:              Win64
-- HeidiSQL Versión:             11.2.0.6213
-- --------------------------------------------------------

/*!40101 SET @OLD_CHARACTER_SET_CLIENT=@@CHARACTER_SET_CLIENT */;
/*!40101 SET NAMES utf8 */;
/*!50503 SET NAMES utf8mb4 */;
/*!40014 SET @OLD_FOREIGN_KEY_CHECKS=@@FOREIGN_KEY_CHECKS, FOREIGN_KEY_CHECKS=0 */;
/*!40101 SET @OLD_SQL_MODE=@@SQL_MODE, SQL_MODE='NO_AUTO_VALUE_ON_ZERO' */;
/*!40111 SET @OLD_SQL_NOTES=@@SQL_NOTES, SQL_NOTES=0 */;


-- Volcando estructura de base de datos para gestiongopass
CREATE DATABASE IF NOT EXISTS `gestiongopass` /*!40100 DEFAULT CHARACTER SET latin1 */;
USE `gestiongopass`;

-- Volcando estructura para tabla gestiongopass.barrio
CREATE TABLE IF NOT EXISTS `barrio` (
  `barrioId` int(11) NOT NULL AUTO_INCREMENT,
  `nombre` varchar(45) NOT NULL,
  `estado` tinyint(1) NOT NULL,
  `localidadId` int(11) NOT NULL,
  PRIMARY KEY (`barrioId`),
  KEY `localidadId` (`localidadId`),
  CONSTRAINT `barrio_ibfk_1` FOREIGN KEY (`localidadId`) REFERENCES `localidad` (`localidadId`) ON DELETE CASCADE ON UPDATE CASCADE
) ENGINE=InnoDB AUTO_INCREMENT=2464 DEFAULT CHARSET=latin1;

-- Volcando datos para la tabla gestiongopass.barrio: ~2.460 rows (aproximadamente)
#DELETE FROM `barrio`;
/*!40000 ALTER TABLE `barrio` DISABLE KEYS */;
INSERT INTO `barrio` (`barrioId`, `nombre`, `estado`, `localidadId`) VALUES
	(1, 'CANAIMA', 1, 37),
	(2, 'LA FLORESTA DE LA SABANA', 1, 37),
	(3, 'TORCA', 1, 37),
	(4, 'SUBTOTAL', 1, 37),
	(5, 'ALTO DE SERREZUELA', 1, 37),
	(6, 'BALCONES DE VISTA HERMOSA', 1, 37),
	(7, 'BALMORAL NORTE', 1, 37),
	(8, 'BUENAVISTA', 1, 37),
	(9, 'CHAPARRAL', 1, 37),
	(10, 'EL CODITO', 1, 37),
	(11, 'EL REFUGIO DE SAN ANTONIO', 1, 37),
	(12, 'EL VERBENAL', 1, 37),
	(13, 'HORIZONTES', 1, 37),
	(14, 'LA ESTRELLITA', 1, 37),
	(15, 'LA FRONTERA', 1, 37),
	(16, 'LA LLANURITA', 1, 37),
	(17, 'LOS CONSUELOS', 1, 37),
	(18, 'MARANTA', 1, 37),
	(19, 'MATURIN', 1, 37),
	(20, 'MEDELLIN', 1, 37),
	(21, 'MIRADOR DEL NORTE', 1, 37),
	(22, 'NUEVO HORIZONTE', 1, 37),
	(23, 'SAN ANTONIO NORTE', 1, 37),
	(24, 'SANTA FELISA', 1, 37),
	(25, 'SANTANDERSITO', 1, 37),
	(26, 'TIBABITA', 1, 37),
	(27, 'VIÑA DEL MAR', 1, 37),
	(28, 'BOSQUE DE SAN ANTONIO', 1, 37),
	(29, 'CONJUNTO CAMINO DEL PALMAR', 1, 37),
	(30, 'EL PITE', 1, 37),
	(31, 'EL REDIL', 1, 37),
	(32, 'LA CITA', 1, 37),
	(33, 'LA GRANJA NORTE', 1, 37),
	(34, 'LA URIBE', 1, 37),
	(35, 'LOS NARANJOS', 1, 37),
	(36, 'SAN JUAN BOSCO', 1, 37),
	(37, 'URBANIZACION  LOS LAURELES', 1, 37),
	(38, 'AINSUCA', 1, 37),
	(39, 'ALTABLANCA', 1, 37),
	(40, 'BARRANCAS', 1, 37),
	(41, 'CALIFORNIA', 1, 37),
	(42, 'CERRO NORTE', 1, 37),
	(43, 'DANUBIO', 1, 37),
	(44, 'DON BOSCO', 1, 37),
	(45, 'LA PERLA ORIENTAL', 1, 37),
	(46, 'LAS ARENERAS', 1, 37),
	(47, 'MILAN (BARRANCAS)', 1, 37),
	(48, 'SAN CRISTOBAL NORTE', 1, 37),
	(49, 'SANTA CECILIA NORTE PARTE ALTA', 1, 37),
	(50, 'SANTA CECILIA PARTE BAJA', 1, 37),
	(51, 'SANTA TERESA', 1, 37),
	(52, 'SORATAMA', 1, 37),
	(53, 'TORCOROMA', 1, 37),
	(54, 'VILLA NYDIA', 1, 37),
	(55, 'VILLA OLIVA', 1, 37),
	(56, 'EL TOBERIN', 1, 37),
	(57, 'BABILONIA', 1, 37),
	(58, 'DARDANELOS', 1, 37),
	(59, 'ESTRELLA DEL NORTE', 1, 37),
	(60, 'GUANOA', 1, 37),
	(61, 'JARDIN NORTE', 1, 37),
	(62, 'LA LIBERIA', 1, 37),
	(63, 'LA PRADERA NORTE', 1, 37),
	(64, 'LAS ORQUIDEAS', 1, 37),
	(65, 'PANTANITO', 1, 37),
	(66, 'SANTA MONICA', 1, 37),
	(67, 'VILLA MAGDALA', 1, 37),
	(68, 'VILLAS DE ARANJUEZ', 1, 37),
	(69, 'VILLAS DEL MEDITERRANEO', 1, 37),
	(70, 'ZARAGOZA', 1, 37),
	(71, 'ACACIAS', 1, 37),
	(72, 'ANTIGUA', 1, 37),
	(73, 'BELMIRA', 1, 37),
	(74, 'BOSQUE DE PIN', 1, 37),
	(75, 'CAOBOS SALAZ', 1, 37),
	(76, 'CAPRI', 1, 37),
	(77, 'CEDRITOS', 1, 37),
	(78, 'CEDRO BOLIVA', 1, 37),
	(79, 'CEDRO GOLF', 1, 37),
	(80, 'CEDRO MADEIR', 1, 37),
	(81, 'CEDRO NARVA', 1, 37),
	(82, 'CEDRO SALAZA', 1, 37),
	(83, 'EL CONTADOR', 1, 37),
	(84, 'EL RINCON DE', 1, 37),
	(85, 'LA SONORA', 1, 37),
	(86, 'LAS MARGARITA', 1, 37),
	(87, 'LISBOA', 1, 37),
	(88, 'LOS CEDROS', 1, 37),
	(89, 'LOS CEDROS O', 1, 37),
	(90, 'MONTEARROYO', 1, 37),
	(91, 'NUEVA AUTOPIS', 1, 37),
	(92, 'NUEVO COUNT', 1, 37),
	(93, 'SIERRAS DEL M', 1, 37),
	(94, 'BELLA SUIZA', 1, 37),
	(95, 'BELLAVISTA', 1, 37),
	(96, 'BOSQUE MEDIN', 1, 37),
	(97, 'EL PAÑUELITO', 1, 37),
	(98, 'EL PEDREGAL', 1, 37),
	(99, 'ESCUELA DE C', 1, 37),
	(100, 'ESCUELA DE IN', 1, 37),
	(101, 'FRANCISCO MIR', 1, 37),
	(102, 'GINEBRA', 1, 37),
	(103, 'LA ESPERANZA', 1, 37),
	(104, 'LA GLORIETA', 1, 37),
	(105, 'LAS DELICIAS D', 1, 37),
	(106, 'SAGRADO CORA', 1, 37),
	(107, 'SAN GABRIEL', 1, 37),
	(108, 'SANTA ANA', 1, 37),
	(109, 'SANTA ANA OC', 1, 37),
	(110, 'SANTA BARBAR', 1, 37),
	(111, 'SANTA BARBAR', 1, 37),
	(112, 'UNICERROS', 1, 37),
	(113, 'USAQUEN', 1, 37),
	(114, 'COUNTRY CLUB', 1, 37),
	(115, 'LA CALLEJA', 1, 37),
	(116, 'LA CAROLINA', 1, 37),
	(117, 'LA CRISTALINA', 1, 37),
	(118, 'PRADOS DEL C', 1, 37),
	(119, 'RECODO DEL C', 1, 37),
	(120, 'SANTA COLOMA', 1, 37),
	(121, 'SOATAMA', 1, 37),
	(122, 'TOLEDO', 1, 37),
	(123, 'TORRES DEL C', 1, 37),
	(124, 'VERGEL DEL CO', 1, 37),
	(125, 'SANTA BARBAR', 1, 37),
	(126, 'CAMPO ALEGRE', 1, 37),
	(127, 'MOLINOS DEL N', 1, 37),
	(128, 'MULTICENTRO', 1, 37),
	(129, 'NAVARRA', 1, 37),
	(130, 'RINCON DEL CH', 1, 37),
	(131, 'SAN PATRICIO', 1, 37),
	(132, 'SANTA BARBAR', 1, 37),
	(133, 'SANTA BARBAR', 1, 37),
	(134, 'SANTA BIBIANA', 1, 37),
	(135, 'SANTA PAULA', 1, 37),
	(136, 'CHICO RESERVADO', 1, 22),
	(137, 'BELLAVISTA', 1, 22),
	(138, 'CHICO ALTO', 1, 22),
	(139, 'EL NOGAL', 1, 22),
	(140, 'EL REFUGIO', 1, 22),
	(141, 'LA CABRERA', 1, 22),
	(142, 'LOS ROSALES', 1, 22),
	(143, 'SEMINARIO', 1, 22),
	(144, 'TOSCANA', 1, 22),
	(145, 'LA ESPERANZA NORORIENTAL', 1, 22),
	(146, 'LA SUREÑA', 1, 22),
	(147, 'SAN ISIDRO', 1, 22),
	(148, 'SAN LUIS ALTOS DEL CABO', 1, 22),
	(149, 'BOSQUE CALDERON', 1, 22),
	(150, 'BOSQUE CALDERON TEJADA', 1, 22),
	(151, 'CHAPINERO ALTO', 1, 22),
	(152, 'EL CASTILLO', 1, 22),
	(153, 'EL PARAISO', 1, 22),
	(154, 'EMAUS', 1, 22),
	(155, 'GRANADA', 1, 22),
	(156, 'INGEMAR', 1, 22),
	(157, 'JUAN XXIII', 1, 22),
	(158, 'LA SALLE', 1, 22),
	(159, 'LAS ACACIAS', 1, 22),
	(160, 'LOS OLIVOS', 1, 22),
	(161, 'MARIA CRISTINA', 1, 22),
	(162, 'MARISCAL SUCRE', 1, 22),
	(163, 'NUEVA GRANADA', 1, 22),
	(164, 'PALOMAR', 1, 22),
	(165, 'PARDO RUBIO', 1, 22),
	(166, 'SAN MARTIN DE PORRES', 1, 22),
	(167, 'VILLA ANITA', 1, 22),
	(168, 'VILLA DEL CERRO', 1, 22),
	(169, 'ANTIGUO COUNTRY', 1, 22),
	(170, 'CHICO NORTE', 1, 22),
	(171, 'CHICO NORTE II', 1, 22),
	(172, 'CHICO NORTE III', 1, 22),
	(173, 'CHICO OCCIDENTAL', 1, 22),
	(174, 'EL CHICO', 1, 22),
	(175, 'EL RETIRO', 1, 22),
	(176, 'ESPARTILLAL', 1, 22),
	(177, 'LA CABRERA', 1, 22),
	(178, 'LAGO GAITAN', 1, 22),
	(179, 'PORCIUNCULA', 1, 22),
	(180, 'QUINTA CAMACHO', 1, 22),
	(181, 'CATALUÑA', 1, 22),
	(182, 'CHAPINERO CENTRAL', 1, 22),
	(183, 'CHAPINERO NORTE', 1, 22),
	(184, 'MARLY', 1, 22),
	(185, 'SUCRE', 1, 22),
	(186, 'LA MERCED', 1, 32),
	(187, 'PARQUE CENTRAL BAVARIA', 1, 32),
	(188, 'SAGRADO CORAZON', 1, 32),
	(189, 'SAN DIEGO', 1, 32),
	(190, 'SAN MARTIN', 1, 32),
	(191, 'TORRES DEL PARQUE', 1, 32),
	(192, 'BOSQUE IZQUIERDO', 1, 32),
	(193, 'GERMANIA', 1, 32),
	(194, 'LA MACARENA', 1, 32),
	(195, 'LA PAZ CENTRO', 1, 32),
	(196, 'LA PERSEVERANCIA', 1, 32),
	(197, 'LA ALAMEDA', 1, 32),
	(198, 'LA CAPUCHINA', 1, 32),
	(199, 'LA VERACRUZ', 1, 32),
	(200, 'LAS NIEVES', 1, 32),
	(201, 'SANTA INES', 1, 32),
	(202, 'LAS CRUCES', 1, 32),
	(203, 'SAN BERNARDO', 1, 32),
	(204, 'ATANASIO GIRADOT', 1, 32),
	(205, 'CARTAGENA', 1, 32),
	(206, 'EGIPTO', 1, 32),
	(207, 'EGIPTO ALTO (J.C. TURBAY)', 1, 32),
	(208, 'EL BALCON', 1, 32),
	(209, 'EL CONSUELO', 1, 32),
	(210, 'EL DORADO', 1, 32),
	(211, 'EL GUAVIO', 1, 32),
	(212, 'EL MIRADOR', 1, 32),
	(213, 'EL ROCIO', 1, 32),
	(214, 'EL TRIUNFO', 1, 32),
	(215, 'FABRICA DE LOZA', 1, 32),
	(216, 'GRAN COLOMBIA', 1, 32),
	(217, 'LA PEÑA', 1, 32),
	(218, 'LOS LACHES', 1, 32),
	(219, 'LOURDES', 1, 32),
	(220, 'RAMIREZ', 1, 32),
	(221, 'SAN DIONISIO', 1, 32),
	(222, 'SANTA ROSA DE LIMA', 1, 32),
	(223, 'VITELMA', 1, 32),
	(224, 'AGUAS CLARAS', 1, 31),
	(225, 'ALTOS DEL ZIPA', 1, 31),
	(226, 'AMAPOLAS', 1, 31),
	(227, 'AMAPOLAS II', 1, 31),
	(228, 'BALCON DE LA CASTAÑA', 1, 31),
	(229, 'BELLA VISTA SECTOR LUCERO', 1, 31),
	(230, 'BELLAVISTA PARTE BAJA', 1, 31),
	(231, 'BELLAVISTA SUR', 1, 31),
	(232, 'BOSQUE DE LOS ALPES', 1, 31),
	(233, 'BUENAVISTA SURORIENTAL', 1, 31),
	(234, 'CAMINO VIEJO SAN CRISTOBAL', 1, 31),
	(235, 'CERROS DE SAN VICENTE', 1, 31),
	(236, 'CIUDAD DE LONDRES', 1, 31),
	(237, 'CORINTO', 1, 31),
	(238, 'EL BALCON DE LA CASTAÑA', 1, 31),
	(239, 'EL FUTURO', 1, 31),
	(240, 'EL RAMAJAL', 1, 31),
	(241, 'EL RAMAJAL (SAN PEDRO)', 1, 31),
	(242, 'GRAN COLOMBIA (MOLINOS DE ORIENTE)', 1, 31),
	(243, 'HORACIO ORJUELA', 1, 31),
	(244, 'LA CASTAÑA', 1, 31),
	(245, 'LA CECILIA', 1, 31),
	(246, 'LA GRAN COLOMBIA', 1, 31),
	(247, 'LA HERRADURA', 1, 31),
	(248, 'LA JOYITA CENTRO ( BELLO HORIZONTE)', 1, 31),
	(249, 'LA PLAYA', 1, 31),
	(250, 'LA ROCA', 1, 31),
	(251, 'LA SAGRADA FAMILIA', 1, 31),
	(252, 'LAS ACACIAS', 1, 31),
	(253, 'LAS MERCEDES', 1, 31),
	(254, 'LAURELES SUR ORIENTAL II SECTOR', 1, 31),
	(255, 'LOS ALPES', 1, 31),
	(256, 'LOS ALPES FUTURO', 1, 31),
	(257, 'LOS ARRAYANES SECTOR SANTA INES', 1, 31),
	(258, 'LOS LAURELES SUR ORIENTAL I SEC.', 1, 31),
	(259, 'MACARENA LOS ALPES', 1, 31),
	(260, 'MANANTIAL', 1, 31),
	(261, 'MANILA', 1, 31),
	(262, 'MIRAFLORES', 1, 31),
	(263, 'MOLINOS DE ORIENTE', 1, 31),
	(264, 'MONTECARLO', 1, 31),
	(265, 'NUEVA ESPAÑA', 1, 31),
	(266, 'NUEVA ESPAÑA PARTE ALTA', 1, 31),
	(267, 'RAMAJAL', 1, 31),
	(268, 'RINCON DE LA VICTRIA-B/VISTA', 1, 31),
	(269, 'SAGRADA FAMILIA', 1, 31),
	(270, 'SAN BLAS', 1, 31),
	(271, 'SAN BLAS (PARCELAS)', 1, 31),
	(272, 'SAN BLAS II SECTOR', 1, 31),
	(273, 'SAN CRISTOBAL ALTO', 1, 31),
	(274, 'SAN CRISTOBAL VIEJO', 1, 31),
	(275, 'SAN PEDRO', 1, 31),
	(276, 'SAN VICENTE', 1, 31),
	(277, 'SAN VICENTE ALTO', 1, 31),
	(278, 'SAN VICENTE BAJO', 1, 31),
	(279, 'SAN VICENTE SUR ORIENTE', 1, 31),
	(280, 'SANTA INES', 1, 31),
	(281, 'SANTA INES SUR', 1, 31),
	(282, 'TERRAZAS DE ORIENTE', 1, 31),
	(283, 'TRIANGULO', 1, 31),
	(284, 'TRIANGULO ALTO', 1, 31),
	(285, 'TRIANGULO BAJO', 1, 31),
	(286, 'VEREDA ALTOS DE SAN BLAS', 1, 31),
	(287, 'VITELMA', 1, 31),
	(288, 'GOLCONDA', 1, 31),
	(289, 'PRIMERO DE MAYO', 1, 31),
	(290, 'BUENOS AIRES', 1, 31),
	(291, 'CALVO SUR', 1, 31),
	(292, 'CAMINO VIEJO DE SAN CRISTOBAL', 1, 31),
	(293, 'LA MARIA', 1, 31),
	(294, 'LAS BRISAS', 1, 31),
	(295, 'LOS DOS LEONES', 1, 31),
	(296, 'MODELO SUR', 1, 31),
	(297, 'NARIÑO SUR', 1, 31),
	(298, 'QUINTA RAMOS', 1, 31),
	(299, 'REP. DE VENEZUELA', 1, 31),
	(300, 'SAN CRISTOBAL SUR', 1, 31),
	(301, 'SAN JAVIER', 1, 31),
	(302, 'SANTA ANA', 1, 31),
	(303, 'SANTA ANA SUR', 1, 31),
	(304, 'SOSIEGO', 1, 31),
	(305, 'VELODROMO', 1, 31),
	(306, 'VILLA ALBANIA', 1, 31),
	(307, 'VILLA JAVIER', 1, 31),
	(308, 'ATENAS', 1, 31),
	(309, '20 DE JULIO', 1, 31),
	(310, 'ATENAS I', 1, 31),
	(311, 'AYACUCHO', 1, 31),
	(312, 'BARCELONA', 1, 31),
	(313, 'BARCELONA SUR', 1, 31),
	(314, 'BARCELONA SUR ORIENTAL', 1, 31),
	(315, 'BELLO HORIZONTE', 1, 31),
	(316, 'BELLO HORIZONTE III SECTOR', 1, 31),
	(317, 'CORDOBA', 1, 31),
	(318, 'EL ANGULO', 1, 31),
	(319, 'EL ENCANTO', 1, 31),
	(320, 'GRANADA SUR', 1, 31),
	(321, 'GRANADA SUR III SECTOR', 1, 31),
	(322, 'LA JOYITA', 1, 31),
	(323, 'LA SERAFINA', 1, 31),
	(324, 'LAS LOMAS', 1, 31),
	(325, 'MANAGUA', 1, 31),
	(326, 'MONTEBELLO', 1, 31),
	(327, 'SAN ISIDRO', 1, 31),
	(328, 'SAN ISIDRO I Y II', 1, 31),
	(329, 'SAN ISIDRO SUR', 1, 31),
	(330, 'SAN LUIS', 1, 31),
	(331, 'SUR AMERICA', 1, 31),
	(332, 'VILLA DE LOS ALPES', 1, 31),
	(333, 'VILLA DE LOS ALPES I', 1, 31),
	(334, 'VILLA NATALY 20 DE JULIO', 1, 31),
	(335, 'ALTAMIRA', 1, 31),
	(336, 'ALTAMIRA CHIQUITA', 1, 31),
	(337, 'ALTOS DEL POBLADO', 1, 31),
	(338, 'ALTOS DEL VIRREY', 1, 31),
	(339, 'ALTOS DEL ZUQUE', 1, 31),
	(340, 'BELLAVISTA PARTE ALTA', 1, 31),
	(341, 'BELLAVISTA SUR ORIENTAL', 1, 31),
	(342, 'BUENOS AIRES', 1, 31),
	(343, 'CIUDADELA SANTA ROSA', 1, 31),
	(344, 'EL QUINDIO', 1, 31),
	(345, 'EL RECODO-REPUBLICA DE CANADA', 1, 31),
	(346, 'EL RODEO', 1, 31),
	(347, 'LA COLMENA', 1, 31),
	(348, 'LA GLORIA', 1, 31),
	(349, 'LA GLORIA BAJA', 1, 31),
	(350, 'LA GLORIA MZ 11', 1, 31),
	(351, 'LA GLORIA OCCIDENTAL', 1, 31),
	(352, 'LA GLORIA ORIENTAL', 1, 31),
	(353, 'LA GLORIA SAN MIGUEL', 1, 31),
	(354, 'LA GROVANA', 1, 31),
	(355, 'LA VICTORIA', 1, 31),
	(356, 'LA VICTORIA II SECTOR', 1, 31),
	(357, 'LA VICTORIA III SECTOR', 1, 31),
	(358, 'LAS GAVIOTAS', 1, 31),
	(359, 'LAS GUACAMAYAS', 1, 31),
	(360, 'LAS GUACAMAYAS I', 1, 31),
	(361, 'LAS LOMAS', 1, 31),
	(362, 'LOS PUENTES', 1, 31),
	(363, 'MALVINAS', 1, 31),
	(364, 'MIRAFLORES', 1, 31),
	(365, 'MORALVA', 1, 31),
	(366, 'PANORAMA (ANTES ALTAMIRA)', 1, 31),
	(367, 'PASEITO III', 1, 31),
	(368, 'PUENTE COLORADO', 1, 31),
	(369, 'QUINDIO', 1, 31),
	(370, 'QUINDIO I Y II', 1, 31),
	(371, 'QUINDIO II', 1, 31),
	(372, 'SAN JOSE', 1, 31),
	(373, 'SAN JOSE ORIENTAL', 1, 31),
	(374, 'SAN JOSE SUR ORIENTAL', 1, 31),
	(375, 'SAN MARTIN DE LOBA I Y II', 1, 31),
	(376, 'SAN MARTIN SUR', 1, 31),
	(377, 'ANTIOQUIA', 1, 31),
	(378, 'CANADA LA GUIRA', 1, 31),
	(379, 'CANADA LA GUIRA II SECTOR', 1, 31),
	(380, 'CANADA-SAN LUIS', 1, 31),
	(381, 'CHIGUAZA', 1, 31),
	(382, 'CIUDAD DE LONDRES', 1, 31),
	(383, 'EL PARAISO', 1, 31),
	(384, 'EL PINAR O REP. DEL CANADA II S.', 1, 31),
	(385, 'EL TRIUNFO', 1, 31),
	(386, 'JUAN REY (LA PAZ)', 1, 31),
	(387, 'LA BELLEZA', 1, 31),
	(388, 'LA NUEVA GLORIA', 1, 31),
	(389, 'LA NUEVA GLORIA II SECTOR', 1, 31),
	(390, 'LA PENINSULA', 1, 31),
	(391, 'LA SIERRA', 1, 31),
	(392, 'LAS GAVIOTAS*', 1, 31),
	(393, 'LOS LIBERTADORES', 1, 31),
	(394, 'LOS LIBERTADORES S. EL TESORO', 1, 31),
	(395, 'LOS LIBERTADORES S. LA COLINA', 1, 31),
	(396, 'LOS LIBERTADORES S.SAN IGNACIO', 1, 31),
	(397, 'LOS LIBERTADORES S.SAN ISIDRO', 1, 31),
	(398, 'LOS LIBERTADORES S.SAN JOSE', 1, 31),
	(399, 'LOS LIBERTADORES S.SAN LUIS', 1, 31),
	(400, 'LOS LIBERTADORES S.SAN MIGUEL', 1, 31),
	(401, 'LOS LIBERTADORES', 1, 31),
	(402, 'LOS PINARES', 1, 31),
	(403, 'LOS PINOS', 1, 31),
	(404, 'LOS PUENTES', 1, 31),
	(405, 'NUEVA DELLY', 1, 31),
	(406, 'NUEVA GLORIA', 1, 31),
	(407, 'NUEVA ROMA', 1, 31),
	(408, 'NUEVAS MALVINAS O EL TRIUNFO', 1, 31),
	(409, 'REPUBLICA DEL CANADA', 1, 31),
	(410, 'REPUBLICA DEL CANADA-EL PINAR', 1, 31),
	(411, 'SAN JACINTO', 1, 31),
	(412, 'SAN MANUEL', 1, 31),
	(413, 'SAN RAFAEL SUR ORIENTAL', 1, 31),
	(414, 'SAN RAFAEL USME', 1, 31),
	(415, 'SANTA RITA I', 1, 31),
	(416, 'SANTA RITA SUR ORIENTAL', 1, 31),
	(417, 'VALPARAISO', 1, 31),
	(418, 'VILLA ANGELICA CANADA LA GUIRA', 1, 31),
	(419, 'VILLA AURORA', 1, 31),
	(420, 'VILLA DEL CERRO', 1, 31),
	(421, 'VILLABELL', 1, 31),
	(422, 'YOMASA', 1, 31),
	(423, 'VILLA ANGELICA', 1, 31),
	(424, 'EL PARAISO SUR ORIENTAL I SEC.', 1, 31),
	(425, 'JUAN REY I Y II', 1, 31),
	(426, 'VILLA BEGONIA', 1, 31),
	(427, 'BUENOS AIRES', 1, 38),
	(428, 'COSTA RICA', 1, 38),
	(429, 'DOÑA LILIANA', 1, 38),
	(430, 'EL BOSQUE  KM. 11', 1, 38),
	(431, 'JUAN JOSE RONDON', 1, 38),
	(432, 'JUAN JOSE RONDON  II SECTOR', 1, 38),
	(433, 'JUAN REY SUR', 1, 38),
	(434, 'LA CABAÑA', 1, 38),
	(435, 'LA ESPERANZA', 1, 38),
	(436, 'LA FLORA PARCELACION SAN PEDRO', 1, 38),
	(437, 'LAS VIOLETAS', 1, 38),
	(438, 'LOS ARRAYANES', 1, 38),
	(439, 'LOS SOCHES', 1, 38),
	(440, 'PARCELACION SAN PEDRO', 1, 38),
	(441, 'TIHUAQUE', 1, 38),
	(442, 'UNION', 1, 38),
	(443, 'VILLA DIANA', 1, 38),
	(444, 'VILLA ROSITA', 1, 38),
	(445, 'ALASKA', 1, 38),
	(446, 'ARRAYANES', 1, 38),
	(447, 'DANUBIO  AZUL', 1, 38),
	(448, 'DAZA SECTOR II', 1, 38),
	(449, 'DUITAMA', 1, 38),
	(450, 'EL PORVENIR', 1, 38),
	(451, 'EL PORVENIR  II SECTOR', 1, 38),
	(452, 'FISCALA II LA FORTUNA', 1, 38),
	(453, 'FISCALA SECTOR CENTRO', 1, 38),
	(454, 'LA FISCALA LOS TRES LAURELES', 1, 38),
	(455, 'LA FISCALA LOTE 16', 1, 38),
	(456, 'LA FISCALA LOTE 16A', 1, 38),
	(457, 'LA FISCALA SECTOR CENTRO', 1, 38),
	(458, 'LA FISCALA SECTOR DAZA', 1, 38),
	(459, 'LA FISCALA SECTOR NORTE', 1, 38),
	(460, 'LA FISCALA SECTOR RODRIGUEZ', 1, 38),
	(461, 'LA MORENA  I', 1, 38),
	(462, 'LA MORENA  II', 1, 38),
	(463, 'LA MORENA  II (SECTOR  VILLA SANDRA)', 1, 38),
	(464, 'MORENA  II SECTOR VILLA SANDRA', 1, 38),
	(465, 'NUEVA ESPERANZA', 1, 38),
	(466, 'SAN MARTIN', 1, 38),
	(467, 'VILLA NEIZA', 1, 38),
	(468, 'PICOTA SUR', 1, 38),
	(469, 'PORVENIR', 1, 38),
	(470, 'ALMIRANTE PADILLA', 1, 38),
	(471, 'ALTOS DEL PINO', 1, 38),
	(472, 'ARIZONA', 1, 38),
	(473, 'BARRANQUILLITA', 1, 38),
	(474, 'BENJAMIN  URIBE', 1, 38),
	(475, 'BETANIA', 1, 38),
	(476, 'BETANIA  II', 1, 38),
	(477, 'BOLONIA*', 1, 38),
	(478, 'BULEVAR  DEL SUR', 1, 38),
	(479, 'CASA LOMA II', 1, 38),
	(480, 'CASA REY', 1, 38),
	(481, 'CASALOMA', 1, 38),
	(482, 'COMPOSTELA I', 1, 38),
	(483, 'COMPOSTELA II', 1, 38),
	(484, 'COMPOSTELA III', 1, 38),
	(485, 'EL BOSQUE', 1, 38),
	(486, 'EL CORTIJO', 1, 38),
	(487, 'EL CURUBO', 1, 38),
	(488, 'EL JORDAN', 1, 38),
	(489, 'EL NEVADO', 1, 38),
	(490, 'EL PEDREGAL', 1, 38),
	(491, 'EL RECUERDO SUR', 1, 38),
	(492, 'EL REFUGIO', 1, 38),
	(493, 'EL REFUGIO  SECTOR SANTA LIBRADA', 1, 38),
	(494, 'EL ROSAL-MIRADOR', 1, 38),
	(495, 'EL RUBI II SECTOR', 1, 38),
	(496, 'GRAN YOMASA  I', 1, 38),
	(497, 'GRAN YOMASA  II SECTOR', 1, 38),
	(498, 'LA ANDREA', 1, 38),
	(499, 'LA AURORA', 1, 38),
	(500, 'LA CABAÑA', 1, 38),
	(501, 'LA ESPERANZA', 1, 38),
	(502, 'LA FORTALEZA', 1, 38),
	(503, 'LA REGADERA KM. 11', 1, 38),
	(504, 'LA REGADERA SUR', 1, 38),
	(505, 'LAS GRANJAS  DE SAN PEDRO (SANTA LIBRADA)', 1, 38),
	(506, 'LAS VIVIENDAS', 1, 38),
	(507, 'LOS TEJARES  SUR II SECTOR', 1, 38),
	(508, 'NUEVO SAN ANDRES DE LOS ALTOS', 1, 38),
	(509, 'OLIVARES', 1, 38),
	(510, 'SALAZAR  SALAZAR', 1, 38),
	(511, 'SAN ANDRES ALTO', 1, 38),
	(512, 'SAN FELIPE', 1, 38),
	(513, 'SAN ISIDRO SUR', 1, 38),
	(514, 'SAN JUAN BAUTISTA', 1, 38),
	(515, 'SAN JUAN I SECTOR', 1, 38),
	(516, 'SAN JUAN II SECTOR', 1, 38),
	(517, 'SAN JUAN II Y III SECTOR', 1, 38),
	(518, 'SAN LIBRADA  LOS TEJARES', 1, 38),
	(519, 'SAN LUIS', 1, 38),
	(520, 'SAN PABLO', 1, 38),
	(521, 'SANTA LIBRADA', 1, 38),
	(522, 'SANTA LIBRADA  LA ESPERANZA', 1, 38),
	(523, 'SANTA LIBRADA  LA SUREÑA', 1, 38),
	(524, 'SANTA LIBRADA  LOS TEJARES  (GRAN YOMASA)', 1, 38),
	(525, 'SANTA LIBRADA  NORTE', 1, 38),
	(526, 'SANTA LIBRADA  S. SAN BERNARDINO', 1, 38),
	(527, 'SANTA LIBRADA  S. SAN FRANCISCO', 1, 38),
	(528, 'SANTA LIBRADA  SALAZAR  SALAZAR', 1, 38),
	(529, 'SANTA LIBRADA  SECTOR LA PEÑA', 1, 38),
	(530, 'SANTA MARTA II SECTOR', 1, 38),
	(531, 'SANTA MARTHA', 1, 38),
	(532, 'SANTA MARTHA II', 1, 38),
	(533, 'SIERRA MORENA', 1, 38),
	(534, 'TENERIFE  II SECTOR', 1, 38),
	(535, 'URB. COSTA RICA BARRIO SAN ANDRES DE LOS ALTO', 1, 38),
	(536, 'URBANIZACION BRASILIA  II SECTOR', 1, 38),
	(537, 'URBANIZACION BRASILIA  SUR', 1, 38),
	(538, 'URBANIZACION CARTAGENA', 1, 38),
	(539, 'URBANIZACION LA ANDREA', 1, 38),
	(540, 'URBANIZACION LA AURORA  II ETAPA', 1, 38),
	(541, 'URBANIZACION MIRAVALLE', 1, 38),
	(542, 'URBANIZACION TEQUENDAMA', 1, 38),
	(543, 'VIANEY', 1, 38),
	(544, 'VILLA ALEJANDRIA', 1, 38),
	(545, 'VILLA NELLY', 1, 38),
	(546, 'VILLAS DE SANTA ISABEL-P.ENTRE NUBES', 1, 38),
	(547, 'VILLAS DEL EDEN', 1, 38),
	(548, 'YOMASITA', 1, 38),
	(549, 'ALFONSO  LOPEZ SECTOR CHARALA', 1, 38),
	(550, 'ANTONIO  JOSE DE SUCRE', 1, 38),
	(551, 'ANTONIO  JOSE DE SUCRE I', 1, 38),
	(552, 'ANTONIO  JOSE DE SUCRE II', 1, 38),
	(553, 'ANTONIO  JOSE DE SUCRE III', 1, 38),
	(554, 'BELLAVISTA ALTA', 1, 38),
	(555, 'BELLAVISTA II SECTOR', 1, 38),
	(556, 'BOSQUE  EL LIMONAR', 1, 38),
	(557, 'BOSQUE  EL LIMONAR  II SECTOR', 1, 38),
	(558, 'BRAZUELOS', 1, 38),
	(559, 'BRAZUELOS OCCIDENTAL*', 1, 38),
	(560, 'BRAZUELOS SECTOR EL PARAISO', 1, 38),
	(561, 'BRAZUELOS SECTOR LA ESMERALDA', 1, 38),
	(562, 'CENTRO EDUCATIVO SAN JOSE', 1, 38),
	(563, 'CHAPINERITO', 1, 38),
	(564, 'CHICO SUR', 1, 38),
	(565, 'CHICO SUR II SECTOR', 1, 38),
	(566, 'CIUDADELA CANTA RANA I', 1, 38),
	(567, 'COMUNEROS', 1, 38),
	(568, 'EL BRILLANTE', 1, 38),
	(569, 'EL ESPINO', 1, 38),
	(570, 'EL MORTIÑO', 1, 38),
	(571, 'EL RUBI', 1, 38),
	(572, 'EL TUNO', 1, 38),
	(573, 'EL UVAL', 1, 38),
	(574, 'EL VIRREY ULTIMA ETAPA', 1, 38),
	(575, 'FINCA LA ESPERANZA', 1, 38),
	(576, 'LA ESMERALDA EL RECUERDO', 1, 38),
	(577, 'LA ESPERANZA KM. 10', 1, 38),
	(578, 'LAS BRISAS', 1, 38),
	(579, 'LAS FLORES', 1, 38),
	(580, 'LAS MERCEDES', 1, 38),
	(581, 'LORENZO  ALCANTUZ  I SECTOR', 1, 38),
	(582, 'LORENZO  ALCANTUZ  II SECTOR', 1, 38),
	(583, 'LOS ALTOS DEL BRAZUELO', 1, 38),
	(584, 'MARICHUELA III SECTOR (CAFAM II S.)', 1, 38),
	(585, 'MONTEBLANCO', 1, 38),
	(586, 'MONTEVIDEO', 1, 38),
	(587, 'NUEVO SAN LUIS', 1, 38),
	(588, 'SAN JOAQUIN  EL UVAL', 1, 38),
	(589, 'SECTOR GRANJAS  DE SAN PEDRO', 1, 38),
	(590, 'TENERIFE', 1, 38),
	(591, 'TENERIFE  II SECTOR', 1, 38),
	(592, 'URBANIZACION CHUNIZA  I', 1, 38),
	(593, 'URBANIZACION JARON MONTE RUBIO', 1, 38),
	(594, 'URBANIZACION LIBANO', 1, 38),
	(595, 'URBANIZACION MARICHUELA', 1, 38),
	(596, 'USMINIA', 1, 38),
	(597, 'VILLA ALEMANIA', 1, 38),
	(598, 'VILLA ALEMANIA  II SECTOR', 1, 38),
	(599, 'VILLA ANITA SUR', 1, 38),
	(600, 'VILLA ISRAEL', 1, 38),
	(601, 'VILLA ISRAEL II', 1, 38),
	(602, 'ALFONSO  LOPEZ SECTOR BUENOS AIRES', 1, 38),
	(603, 'ALFONSO  LOPEZ SECTOR CHARALA', 1, 38),
	(604, 'ALFONSO  LOPEZ SECTOR EL PROGRESO', 1, 38),
	(605, 'BRISAS DEL LLANO', 1, 38),
	(606, 'EL NUEVO PORTAL', 1, 38),
	(607, 'EL PARAISO', 1, 38),
	(608, 'EL PORTAL DEL DIVINO', 1, 38),
	(609, 'EL PORTAL II ETAPA', 1, 38),
	(610, 'EL PROGRESO USME', 1, 38),
	(611, 'EL REFUGIO  I Y II', 1, 38),
	(612, 'EL TRIANGULO', 1, 38),
	(613, 'EL UVAL', 1, 38),
	(614, 'EL UVAL II SECTOR', 1, 38),
	(615, 'LA HUERTA', 1, 38),
	(616, 'LA ORQUIDEA  USME', 1, 38),
	(617, 'LA REFORMA', 1, 38),
	(618, 'NUEVO PORVENIR  (59)', 1, 38),
	(619, 'NUEVO PROGRESO-EL PROGRESO II SECTOR', 1, 38),
	(620, 'PORTAL DE LA VEGA', 1, 38),
	(621, 'PORTAL DE ORIENTE', 1, 38),
	(622, 'PORTAL DEL DIVINO', 1, 38),
	(623, 'PUERTA AL LLANO', 1, 38),
	(624, 'PUERTA AL LLANO II', 1, 38),
	(625, 'REFUGIO  I', 1, 38),
	(626, 'VILLA HERMOSA', 1, 38),
	(627, 'ARRAYANES', 1, 38),
	(628, 'BOLONIA', 1, 38),
	(629, 'EL BOSQUE  CENTRAL', 1, 38),
	(630, 'EL NUEVO PORTAL II', 1, 38),
	(631, 'EL REFUGIO  I', 1, 38),
	(632, 'LA ESPERANZA SUR', 1, 38),
	(633, 'LOS OLIVARES', 1, 38),
	(634, 'PEPINITOS', 1, 38),
	(635, 'TOCAIMITA  ORIENTAL', 1, 38),
	(636, 'TOCAIMITA  SUR', 1, 38),
	(637, 'CIUDADELA EL OASIS', 1, 38),
	(638, 'BRISAS DEL LLANO', 1, 38),
	(639, 'CENTRO USME', 1, 38),
	(640, 'EL BOSQUE  KM 11', 1, 38),
	(641, 'EL OASIS', 1, 38),
	(642, 'EL PEDREGAL  LA LIRA', 1, 38),
	(643, 'EL SALTEADOR', 1, 38),
	(644, 'LA MARIA', 1, 38),
	(645, 'CONDADO DE SANTA LUCIA', 1, 36),
	(646, 'CONJUNTO RESIDENCIAL NUEVO MUZU', 1, 36),
	(647, 'EL CARMEN', 1, 36),
	(648, 'ESCUELA DE POLICIA GENERAL SANTANDER', 1, 36),
	(649, 'FATIMA', 1, 36),
	(650, 'ISLA DEL SOL', 1, 36),
	(651, 'LAGUNETA', 1, 36),
	(652, 'NUEVO MUZU', 1, 36),
	(653, 'ONTARIO', 1, 36),
	(654, 'PARQUE METROPOLITANO EL TUNAL', 1, 36),
	(655, 'PARQUE REAL I', 1, 36),
	(656, 'RINCON DE MUZU', 1, 36),
	(657, 'RINCON DE NUEVO MUZU', 1, 36),
	(658, 'RINCON DE VENECIA', 1, 36),
	(659, 'SAMORE', 1, 36),
	(660, 'SAN VICENTE', 1, 36),
	(661, 'SAN VICENTE DE FERRER', 1, 36),
	(662, 'SANTA LUCIA', 1, 36),
	(663, 'TEJAR DE ONTARIO', 1, 36),
	(664, 'CIUDAD TUNAL', 1, 36),
	(665, 'VENECIA', 1, 36),
	(666, 'VENECIA OCCIDENTAL', 1, 36),
	(667, 'VILLA XIMENA', 1, 36),
	(668, 'ABRAHAM LINCON', 1, 36),
	(669, 'SAN BENITO', 1, 36),
	(670, 'SAN CARLOS', 1, 36),
	(671, 'TUNALITO', 1, 36),
	(672, 'TUNJUELITO', 1, 36),
	(673, 'JARDINES DEL APOGEO', 1, 21),
	(674, 'EL MOTORISTA', 1, 21),
	(675, 'INDUSTRIAL', 1, 21),
	(676, 'LA ILUSION', 1, 21),
	(677, 'NUEVO CHILE', 1, 21),
	(678, 'OLARTE', 1, 21),
	(679, 'VILLAS DEL RIO', 1, 21),
	(680, 'AMARUC', 1, 21),
	(681, 'BERLIN', 1, 21),
	(682, 'BERLIN DE BOSA LA LIBERTAD III', 1, 21),
	(683, 'BETANIA', 1, 21),
	(684, 'BOSA NOVA', 1, 21),
	(685, 'BOSA NOVA II SECTOR', 1, 21),
	(686, 'BOSALINDA (HILDEBRANDO  OLARTE)', 1, 21),
	(687, 'BRASIL II SECTOR', 1, 21),
	(688, 'BRASIL II SEGUNDA ETAPA', 1, 21),
	(689, 'BRASIL LOPEZ Y PIÑEROS', 1, 21),
	(690, 'BRASIL MATERAS ACACIAS S.JORGE', 1, 21),
	(691, 'BRASIL SECTOR BARRETO', 1, 21),
	(692, 'BRASIL SECTOR PORTAL Y CASTILLO', 1, 21),
	(693, 'BRASILIA  2° SECTOR', 1, 21),
	(694, 'BRASILIA  3° SECTOR', 1, 21),
	(695, 'BRASILIA I SECTOR', 1, 21),
	(696, 'CAMPO HERMOSO', 1, 21),
	(697, 'CASA NUEVA', 1, 21),
	(698, 'CHICO SUR', 1, 21),
	(699, 'CHIICALA', 1, 21),
	(700, 'CIUDADELA LA LIBERTAD II', 1, 21),
	(701, 'DANUBIO', 1, 21),
	(702, 'DANUBIO AZUL I', 1, 21),
	(703, 'DANUBIO II', 1, 21),
	(704, 'DANUBIO III', 1, 21),
	(705, 'DIAMANTE SUR', 1, 21),
	(706, 'DIVINO NIÑO', 1, 21),
	(707, 'EL BOSQUE DE BOSA', 1, 21),
	(708, 'EL CAUCE', 1, 21),
	(709, 'EL DIAMANTE', 1, 21),
	(710, 'EL JAZMIN SECTOR EL TRIANGULO', 1, 21),
	(711, 'EL LIBERTADOR', 1, 21),
	(712, 'EL LIBERTADOR II', 1, 21),
	(713, 'EL PARADERO', 1, 21),
	(714, 'EL PARAISO', 1, 21),
	(715, 'EL PORTAL DE LA LIBERTAD', 1, 21),
	(716, 'EL PORTAL I y II SECTOR', 1, 21),
	(717, 'EL PORVENIR II SECTOR', 1, 21),
	(718, 'EL PORVENIR III', 1, 21),
	(719, 'EL PORVENIR SECTOR BRASIL', 1, 21),
	(720, 'EL PROGRESO II SECTOR', 1, 21),
	(721, 'EL RECUERDO 4 A', 1, 21),
	(722, 'EL RECUERDO II', 1, 21),
	(723, 'EL RECUERDO SAN BERNARDINO', 1, 21),
	(724, 'EL RINCON DE BOSA', 1, 21),
	(725, 'EL RODEO', 1, 21),
	(726, 'EL RUBI', 1, 21),
	(727, 'EL SAUCE', 1, 21),
	(728, 'ESCOCIA IX', 1, 21),
	(729, 'ESCOCIA V', 1, 21),
	(730, 'ESCOCIA VI SECTORES I', 1, 21),
	(731, 'ESCOCIA VII', 1, 21),
	(732, 'FINCA LA ESPERANZA', 1, 21),
	(733, 'HOLANDA', 1, 21),
	(734, 'HOLANDA I SECTOR', 1, 21),
	(735, 'HOLANDA II SECTOR', 1, 21),
	(736, 'HOLANDA III SECTOR', 1, 21),
	(737, 'HOLANDA SECTOR CAMINITO', 1, 21),
	(738, 'HORTELANOS  DE ESCOCIA', 1, 21),
	(739, 'JORGE URIBE BOTERO', 1, 21),
	(740, 'LA CONCEPCION', 1, 21),
	(741, 'LA CONCEPCION  II SECTOR', 1, 21),
	(742, 'LA DULCINEA', 1, 21),
	(743, 'LA ESMERALDA', 1, 21),
	(744, 'LA ESPERANZA I', 1, 21),
	(745, 'LA ESPERANZA II SECTOR', 1, 21),
	(746, 'LA ESTANZUELA', 1, 21),
	(747, 'LA ESTANZUELA II', 1, 21),
	(748, 'LA FLORIDA IV SECTOR', 1, 21),
	(749, 'LA FONTANA DE BOSA LA LIBERTAD', 1, 21),
	(750, 'LA FONTANA I  Y II', 1, 21),
	(751, 'LA INDEPENDENCIA', 1, 21),
	(752, 'LA INDEPENDENCIA', 1, 21),
	(753, 'LA INDEPENDENCIA  II SECTOR', 1, 21),
	(754, 'LA LIBERTAD', 1, 21),
	(755, 'LA LIBERTAD II', 1, 21),
	(756, 'LA LIBERTAD III', 1, 21),
	(757, 'LA LIBERTAD IV', 1, 21),
	(758, 'LA LIBERTAD SECTOR MAGNOLIA', 1, 21),
	(759, 'LA MAGNOLIA II', 1, 21),
	(760, 'LA MARIA', 1, 21),
	(761, 'LA PALMA', 1, 21),
	(762, 'LA PAZ', 1, 21),
	(763, 'LA PAZ II SECTOR', 1, 21),
	(764, 'LA PAZ III', 1, 21),
	(765, 'LA PAZ SAN IGNACIO LAS VEGAS', 1, 21),
	(766, 'LA PAZ SAN IGNACIO SEC LA ESPERANZA', 1, 21),
	(767, 'LA PORTADA', 1, 21),
	(768, 'LA PORTADA II', 1, 21),
	(769, 'LA PORTADA III SECTOR', 1, 21),
	(770, 'LA PORTADITA', 1, 21),
	(771, 'LA VEGUITA', 1, 21),
	(772, 'LA VEGUITA II', 1, 21),
	(773, 'LA VEGUITA IV SECTOR', 1, 21),
	(774, 'LAS MARGARITAS III', 1, 21),
	(775, 'LAS MARGARITAS SECT I y II', 1, 21),
	(776, 'LAS VEGAS', 1, 21),
	(777, 'LOS HEROES', 1, 21),
	(778, 'LOS OCALES', 1, 21),
	(779, 'LOS SAUCES', 1, 21),
	(780, 'LOS SAUCES SECTOR CEDRO', 1, 21),
	(781, 'MIAMI', 1, 21),
	(782, 'NEW JERSEY', 1, 21),
	(783, 'NTA SRA DE LA PAZ - LA ESPERANZA', 1, 21),
	(784, 'NTRA. SEÑORA DE LA PAZ IV SEC.', 1, 21),
	(785, 'NTRA.SRA. DE LA PAZA VILLA ESMERALDA', 1, 21),
	(786, 'NUESTRA SEÑORA DE LA PAZ y OTROS', 1, 21),
	(787, 'NUEVA ESCOCIA', 1, 21),
	(788, 'NUEVA ESPERANZA', 1, 21),
	(789, 'PORVENIR LA CONCEPCION', 1, 21),
	(790, 'PORVENIR PAR.33', 1, 21),
	(791, 'PORVENIR PARC.17A Y 17B', 1, 21),
	(792, 'POTRERITOS', 1, 21),
	(793, 'SAN ANTONIO', 1, 21),
	(794, 'SAN ANTONIO DE BOSA', 1, 21),
	(795, 'SAN ANTONIO DE ESCOCIA', 1, 21),
	(796, 'SAN ANTONIO DE ESCOCIA II', 1, 21),
	(797, 'SAN BERNARDINO', 1, 21),
	(798, 'SAN BERNARDINO  SECTOR II', 1, 21),
	(799, 'SAN BERNARDINO  SECTOR PROTRERITO', 1, 21),
	(800, 'SAN BERNARDINO  SECTOR VILLA EMMA', 1, 21),
	(801, 'SAN DIEGO LA PAZ IV SECTOR', 1, 21),
	(802, 'SAN FERNANDO N.S. DE LA PAZ', 1, 21),
	(803, 'SAN JAVIER', 1, 21),
	(804, 'SAN JOAQUIN', 1, 21),
	(805, 'SAN JORGE', 1, 21),
	(806, 'SAN JORGE II', 1, 21),
	(807, 'SAN JUANITO', 1, 21),
	(808, 'SAN LUIS', 1, 21),
	(809, 'SAN LUIS II', 1, 21),
	(810, 'SAN MARTIN', 1, 21),
	(811, 'SAN PEDRO', 1, 21),
	(812, 'SAN PEDRO II', 1, 21),
	(813, 'SAN PEDRO II SECTOR A', 1, 21),
	(814, 'SAN PEDRO SECTOR C""', 1, 21),
	(815, 'SANTA INES', 1, 21),
	(816, 'SAUCES II', 1, 21),
	(817, 'SIRACUZA', 1, 21),
	(818, 'SIRACUZA II', 1, 21),
	(819, 'TOKIO', 1, 21),
	(820, 'VEGAS DE SANTANA', 1, 21),
	(821, 'VEREDA EL PORVENIR SECTOR BRASIL', 1, 21),
	(822, 'VILLA CAROLINA', 1, 21),
	(823, 'VILLA CLEMENCIA', 1, 21),
	(824, 'VILLA CLEMENCIA SECTOR TIERRA GRATA', 1, 21),
	(825, 'VILLA COLOMBIA', 1, 21),
	(826, 'VILLA COLOMBIA II', 1, 21),
	(827, 'VILLA DE LOS COMUNEROS', 1, 21),
	(828, 'VILLA DE SUAITA', 1, 21),
	(829, 'VILLA MAGDA', 1, 21),
	(830, 'VILLA MAGNOLIA', 1, 21),
	(831, 'VILLA NATALIA', 1, 21),
	(832, 'VILLA NOHORA', 1, 21),
	(833, 'VILLA NOHORA II', 1, 21),
	(834, 'VILLA NOHORA III', 1, 21),
	(835, 'VILLA SONIA I', 1, 21),
	(836, 'VILLA SONIA II', 1, 21),
	(837, 'VILLAS DEL PROGRESO', 1, 21),
	(838, 'VILLAS DEL VELERO', 1, 21),
	(839, 'ANDALUCIA', 1, 21),
	(840, 'ANDALUCIA II', 1, 21),
	(841, 'ANTONIA SANTOS', 1, 21),
	(842, 'ARGELIA', 1, 21),
	(843, 'ARGELIA II', 1, 21),
	(844, 'BOSA', 1, 21),
	(845, 'BOSQUES DE MERYLAND', 1, 21),
	(846, 'BRASILIA LA ESTACION', 1, 21),
	(847, 'CARLOS ALBAN HOLGUIN NUEVA GRANADA', 1, 21),
	(848, 'CARLOS ALBAN SECTOR ISRAELITA', 1, 21),
	(849, 'CARLOS ALBAN SECTOR MIRAFLORES', 1, 21),
	(850, 'CARLOS GALBAN', 1, 21),
	(851, 'CHARLES DE GAULLE', 1, 21),
	(852, 'CHARLES DE GAULLE II', 1, 21),
	(853, 'CLARETIANO', 1, 21),
	(854, 'EL JARDIN', 1, 21),
	(855, 'EL JARDIN SAN EUGENIO', 1, 21),
	(856, 'EL LIBERTADOR', 1, 21),
	(857, 'EL LLANITO', 1, 21),
	(858, 'EL LLANO (SECTOR GUZMAN)', 1, 21),
	(859, 'EL LLANO MZ A', 1, 21),
	(860, 'EL LLANO SECTOR FANDINO', 1, 21),
	(861, 'EL PALMAR', 1, 21),
	(862, 'EL PORTAL DE BOSA', 1, 21),
	(863, 'EL PORVENIR', 1, 21),
	(864, 'EL PROGRESO', 1, 21),
	(865, 'EL RETAZO', 1, 21),
	(866, 'EL TOCHE', 1, 21),
	(867, 'EL TRIANGULO SECTOR MATERAS', 1, 21),
	(868, 'GETSEMANI', 1, 21),
	(869, 'GRANCOLOMBIANO I', 1, 21),
	(870, 'GRANCOLOMBIANO II LAURES MZ L3', 1, 21),
	(871, 'GRANCOLOMBIANO II SECTOR', 1, 21),
	(872, 'GUALOCHE', 1, 21),
	(873, 'HERMANOS BARRAGAN', 1, 21),
	(874, 'HUMBERTO VALENCIA', 1, 21),
	(875, 'HUMBERTO VALENCIA II', 1, 21),
	(876, 'ISLANDIA', 1, 21),
	(877, 'ISLANDIA II', 1, 21),
	(878, 'ISLANDIA III', 1, 21),
	(879, 'ISLANDIA IV', 1, 21),
	(880, 'ISRAELITA', 1, 21),
	(881, 'JIMENEZ DE QUESADA', 1, 21),
	(882, 'JIMENEZ DE QUESADA II SECTOR', 1, 21),
	(883, 'JOSE ANTONIO GALAN', 1, 21),
	(884, 'JOSE MARIA CARBONEL I Y II SECTOR', 1, 21),
	(885, 'LA AMISTAD', 1, 21),
	(886, 'LA AURORA', 1, 21),
	(887, 'LA AZUCENA', 1, 21),
	(888, 'LA AZUCENA MZ.A', 1, 21),
	(889, 'LA AZUCENA MZ.B', 1, 21),
	(890, 'LA AZUCENA SECTOR EL TRIANGULO', 1, 21),
	(891, 'LA CRUZ DE TERREROS', 1, 21),
	(892, 'LA ELE II SECTOR LOS LAURELES', 1, 21),
	(893, 'LA ESMERALDA', 1, 21),
	(894, 'LA ESPERANZA DE TIBANICA', 1, 21),
	(895, 'LA ESTACION', 1, 21),
	(896, 'LA ESTACION ARENERAS', 1, 21),
	(897, 'LA ESTACION DISTRITAL FCA RAIZ', 1, 21),
	(898, 'LA PALESTINA I', 1, 21),
	(899, 'LA PRIMAVERA', 1, 21),
	(900, 'LA RIVIERA II', 1, 21),
	(901, 'LA SULTANA', 1, 21),
	(902, 'LAS MARGARITAS', 1, 21),
	(903, 'LAS SOLTANAS', 1, 21),
	(904, 'LAURELES III', 1, 21),
	(905, 'LAURELES LA ESTACION', 1, 21),
	(906, 'LLANO ORIENTAL', 1, 21),
	(907, 'LLANOS DE BOSA', 1, 21),
	(908, 'MANZANARES', 1, 21),
	(909, 'MIRAFLORES II SECTOR', 1, 21),
	(910, 'MITRANI', 1, 21),
	(911, 'NARANJOS EL RETAZO', 1, 21),
	(912, 'NICOLAS ESCOBAR', 1, 21),
	(913, 'NUEVA GRANADA', 1, 21),
	(914, 'NUEVA GRANADA II SEC.(Tiboli)', 1, 21),
	(915, 'NUEVA GRANADA II SECTOR', 1, 21),
	(916, 'NUEVA GRANADA V SECTOR', 1, 21),
	(917, 'PABLO VI', 1, 21),
	(918, 'PALESTINA', 1, 21),
	(919, 'PASO ANCHO', 1, 21),
	(920, 'PIAMONTE I ETAPA', 1, 21),
	(921, 'PRIMAVERA SUR', 1, 21),
	(922, 'PROVIDENCIA', 1, 21),
	(923, 'SAN EUGENIO', 1, 21),
	(924, 'SAN EUGENIO II', 1, 21),
	(925, 'SAN JOSE LOS NARANJOS', 1, 21),
	(926, 'SAN JUDAS (B.LA ESTACION)', 1, 21),
	(927, 'SAN PABLO I SECTOR', 1, 21),
	(928, 'SAN PABLO II SECTOR', 1, 21),
	(929, 'SAN PEDRO', 1, 21),
	(930, 'SANTA LUCIA', 1, 21),
	(931, 'SUB STA LUCIA', 1, 21),
	(932, 'SUB TRIANGULO LAS MATERAS', 1, 21),
	(933, 'SUB URB. CLARETIANA', 1, 21),
	(934, 'TIERRA GRATIS', 1, 21),
	(935, 'URB ACUARELA I Y II', 1, 21),
	(936, 'URB. TANQUE DE BOSA', 1, 21),
	(937, 'VERD. SECTOR SAN JOSE', 1, 21),
	(938, 'VILLA ANAY', 1, 21),
	(939, 'VILLA ANNI (BOSA NARANJOS)', 1, 21),
	(940, 'VILLA BOSA', 1, 21),
	(941, 'VILLA NOHORA', 1, 21),
	(942, 'XOCHIMILCO', 1, 21),
	(943, 'CALDAS', 1, 21),
	(944, 'ANTONIO NARIÑO', 1, 21),
	(945, 'CAMPO HERMOSO', 1, 21),
	(946, 'CAÑAVERALEJO', 1, 21),
	(947, 'EL ANHELO', 1, 21),
	(948, 'EL CORZO', 1, 21),
	(949, 'EL PORVENIR', 1, 21),
	(950, 'EL PORVENIR III', 1, 21),
	(951, 'EL PORVENIR PARCELA 23', 1, 21),
	(952, 'EL PORVENIR SAN LUIS', 1, 21),
	(953, 'EL PORVENIR SECTOR INDUCAS', 1, 21),
	(954, 'EL RECUERDO', 1, 21),
	(955, 'EL RECUERDO DE SANTA FE', 1, 21),
	(956, 'EL REGALO', 1, 21),
	(957, 'EL REGALO II', 1, 21),
	(958, 'LA ARBOLEDA', 1, 21),
	(959, 'LA CABAÑA', 1, 21),
	(960, 'LA GRANJITA', 1, 21),
	(961, 'LA SUERTE', 1, 21),
	(962, 'LA UNION', 1, 21),
	(963, 'LAS MARGARITAS', 1, 21),
	(964, 'LOS CENTAUROS', 1, 21),
	(965, 'OSORIO X', 1, 21),
	(966, 'OSORIO XIII', 1, 21),
	(967, 'PARCELA EL PORVENIR', 1, 21),
	(968, 'SAN BERNARDINO  II', 1, 21),
	(969, 'SAN MIGUEL', 1, 21),
	(970, 'SAN PABLO', 1, 21),
	(971, 'SANTA BARBARA', 1, 21),
	(972, 'SANTA FE', 1, 21),
	(973, 'SANTA FE I y II', 1, 21),
	(974, 'SANTA FE III SECTOR', 1, 21),
	(975, 'SANTA ISABEL', 1, 21),
	(976, 'SANTAFE DE BOSA', 1, 21),
	(977, 'URBANIZACION  CALDAS', 1, 21),
	(978, 'VILLA ALEGRE', 1, 21),
	(979, 'VILLA ALEGRIA', 1, 21),
	(980, 'VILLA ESMERALDA', 1, 21),
	(981, 'VILLA KAREN', 1, 21),
	(982, 'EL MATORRAL', 1, 21),
	(983, 'EL MATORRAL DE SAN BERNARDINO', 1, 21),
	(984, 'EL TRIUNFO', 1, 21),
	(985, 'EL TRIUNFO DE SAN BERNARDINO', 1, 21),
	(986, 'LA VEGA DE SAN BERNARDINO  BAJO', 1, 21),
	(987, 'POTRERITOS', 1, 21),
	(988, 'SAN BERNARDINO  SECTOR POTRERITO', 1, 21),
	(989, 'SAN BERNARDINO  XIX', 1, 21),
	(990, 'SAN BERNARDINO  XVI', 1, 21),
	(991, 'SAN BERNARDINO  XVII', 1, 21),
	(992, 'SAN BERNARDINO  XVIII', 1, 21),
	(993, 'SAN BERNARDINO  XXII', 1, 21),
	(994, 'SAN BERNARDINO  XXV', 1, 21),
	(995, 'AGRUPACION PIO X', 1, 26),
	(996, 'AGRUPACION MULTIFAMILIAR VILLA EMILIA', 1, 26),
	(997, 'ALFEREZ REAL', 1, 26),
	(998, 'AMERICAS CENTRAL', 1, 26),
	(999, 'AMERICAS OCCIDENTAL I', 1, 26),
	(1000, 'ANTIGUO HIPODROMO DE TECHO II ETAPA', 1, 26),
	(1001, 'CARVAJAL II SECTOR', 1, 26),
	(1002, 'CENTROAMERICAS', 1, 26),
	(1003, 'CIUDAD KENNEDY', 1, 26),
	(1004, 'CONJUNTO RES. EL RINCON DE MANDALAY', 1, 26),
	(1005, 'FLORESTA SUR', 1, 26),
	(1006, 'FUNDADORES', 1, 26),
	(1007, 'GLORIETA DE LAS AMERICAS', 1, 26),
	(1008, 'HIPOTECHO', 1, 26),
	(1009, 'IGUALDAD I SECTOR', 1, 26),
	(1010, 'IGUALDAD II SECTOR', 1, 26),
	(1011, 'LA FLORESTA', 1, 26),
	(1012, 'LA IGUALDAD', 1, 26),
	(1013, 'LA LLANURA', 1, 26),
	(1014, 'LA LLANURA MANZANA P', 1, 26),
	(1015, 'LAS AMERICAS', 1, 26),
	(1016, 'LAS AMERICAS SECTOR GALAN', 1, 26),
	(1017, 'LOS SAUCES', 1, 26),
	(1018, 'MANDALAY ETAPA A SECTOR II', 1, 26),
	(1019, 'MANDALAY I SECTOR', 1, 26),
	(1020, 'MARSELLA III SECTOR', 1, 26),
	(1021, 'MULTIFAMILIARES VILLA ADRIANA MZ. H', 1, 26),
	(1022, 'NUEVA MARSELLA I', 1, 26),
	(1023, 'PROVIVIENDA ORIENTAL', 1, 26),
	(1024, 'SANTA ROSA DE CARVAJAL', 1, 26),
	(1025, 'URB. LOS LAURELES (SAUCES-ROBLES)', 1, 26),
	(1026, 'VILLA ADRIANA', 1, 26),
	(1027, 'VILLA CLAUDIA', 1, 26),
	(1028, 'AGRUPACION DE VIVIENDA TALAVERA (TALAVERA DE ', 1, 26),
	(1029, 'ALQ. DE LA FRAGUA SECT. EL PARAISO', 1, 26),
	(1030, 'ALQUERIAS DE LA FRAGUA', 1, 26),
	(1031, 'ALQUERIAS DE LA FRAGUA VILLA NUEVA', 1, 26),
	(1032, 'ALQUERIAS de la FRAGUA', 1, 26),
	(1033, 'BOMBAY', 1, 26),
	(1034, 'CARIMAGUA I SECTOR', 1, 26),
	(1035, 'CARVAJAL', 1, 26),
	(1036, 'CARVAJAL OSORIO', 1, 26),
	(1037, 'CARVAJAL TECHO I SECTOR', 1, 26),
	(1038, 'CONDADO EL REY', 1, 26),
	(1039, 'DELICIAS', 1, 26),
	(1040, 'DESARROLLO NUEVA YORK', 1, 26),
	(1041, 'EL PENCIL', 1, 26),
	(1042, 'EL PROGRESO I Y II SECTOR', 1, 26),
	(1043, 'EL TRIANGULO', 1, 26),
	(1044, 'FLORALIA I Y II SECTOR', 1, 26),
	(1045, 'GERONA', 1, 26),
	(1046, 'GUADALUPE', 1, 26),
	(1047, 'LA CAMPIÑA', 1, 26),
	(1048, 'LA CHUCUA', 1, 26),
	(1049, 'LAS TORRES', 1, 26),
	(1050, 'LOS CRISTALES', 1, 26),
	(1051, 'LUCERNA', 1, 26),
	(1052, 'MILENTA II Y III SECTOR', 1, 26),
	(1053, 'MULTIFAMILIAR CARIMAGUA', 1, 26),
	(1054, 'NUEVA YORK', 1, 26),
	(1055, 'PROVIVIENDA', 1, 26),
	(1056, 'PROVIVIENDA OCCIDENTAL', 1, 26),
	(1057, 'SALVADOR ALLENDE', 1, 26),
	(1058, 'SAN ANDRES', 1, 26),
	(1059, 'SAN ANDRES II SECTOR', 1, 26),
	(1060, 'SUPER MANZANA 6A', 1, 26),
	(1061, 'TAYRONA COMERCIAL', 1, 26),
	(1062, 'URB. NUEVA DELICIAS', 1, 26),
	(1063, 'URB. RENANIA (ANTES LA CHUCUA)', 1, 26),
	(1064, 'URBANIZACION CARVAJAL', 1, 26),
	(1065, 'URBANIZACION LAS DELICIAS', 1, 26),
	(1066, 'VALENCIA LA CHUCUA', 1, 26),
	(1067, 'VILLA NUEVA', 1, 26),
	(1068, 'ALOHA SECTOR NORTE', 1, 26),
	(1069, 'AGRUPACION DE VIVIENDA PIO XII', 1, 26),
	(1070, 'ANDALUCIA', 1, 26),
	(1071, 'ANDALUCIA II SECTOR', 1, 26),
	(1072, 'BAVARIA TECHO II SECTOR', 1, 26),
	(1073, 'BOSQUES DE CASTILLA', 1, 26),
	(1074, 'CIUDAD DON BOSCO', 1, 26),
	(1075, 'CIUDAD FAVIDI', 1, 26),
	(1076, 'CIUDAD TECHO 1', 1, 26),
	(1077, 'EL CASTILLO', 1, 26),
	(1078, 'EL CONDADO DE LA PAZ', 1, 26),
	(1079, 'EL PORTAL DE LAS AMERICAS', 1, 26),
	(1080, 'EL RINCON DE CASTILLA', 1, 26),
	(1081, 'EL RINCON DE LOS ANGELES', 1, 26),
	(1082, 'EL TINTAL', 1, 26),
	(1083, 'EL VERGEL', 1, 26),
	(1084, 'EL VERGEL LOTE 4', 1, 26),
	(1085, 'EL VERGEL OCCIDENTAL', 1, 26),
	(1086, 'LAGOS DE CASTILLA', 1, 26),
	(1087, 'LAS DOS AVENIDAS I ETAPA', 1, 26),
	(1088, 'LAS DOS AVENIDAS II ETAPA', 1, 26),
	(1089, 'MONTERREY', 1, 26),
	(1090, 'MULTIFAMILIARES EL FERROL', 1, 26),
	(1091, 'NUESTRA SEÑORA DE LA PAZ', 1, 26),
	(1092, 'OSORIO', 1, 26),
	(1093, 'OVIEDO', 1, 26),
	(1094, 'PIO XII', 1, 26),
	(1095, 'SAN JOSE OCCIDENTAL', 1, 26),
	(1096, 'SAN JUAN DEL CASTILLO', 1, 26),
	(1097, 'SANTA CATALINA SECTOR I Y II', 1, 26),
	(1098, 'SANTA CECILIA', 1, 26),
	(1099, 'URB. CASTILLA', 1, 26),
	(1100, 'URB. CASTILLA LOS MADRILES', 1, 26),
	(1101, 'URBANIZACION BAVARIA', 1, 26),
	(1102, 'URBANIZACION CASTILLA LA NUEVA', 1, 26),
	(1103, 'URBANIZACION CASTILLA LOS MANDRILES', 1, 26),
	(1104, 'URBANIZACION CASTILLA REAL', 1, 26),
	(1105, 'SANTA PAZ-SANTA ELVIRA', 1, 26),
	(1106, 'VEREDA EL TINTAL', 1, 26),
	(1107, 'URBANIZACION UNIR UNO (PREDIO CALANDAIMA)', 1, 26),
	(1108, 'CALANDAIMA', 1, 26),
	(1109, 'CONJUNTO RESIDENCIAL PRADOS DE CASTILLA I', 1, 26),
	(1110, 'GALAN', 1, 26),
	(1111, 'OSORIO', 1, 26),
	(1112, 'SANTA FE DEL TINTAL', 1, 26),
	(1113, 'TINTALA', 1, 26),
	(1114, 'AMPARO CAÑIZARES', 1, 26),
	(1115, 'CHUCUA DE LA VACA', 1, 26),
	(1116, 'EL AMPARO', 1, 26),
	(1117, 'EL LLANITO', 1, 26),
	(1118, 'EL OLIVO', 1, 26),
	(1119, 'EL PORTAL DE PATIO BONITO', 1, 26),
	(1120, 'EL SAUCEDAL', 1, 26),
	(1121, 'LA CONCORDIA', 1, 26),
	(1122, 'LA ESPERANZA', 1, 26),
	(1123, 'LA MARIA', 1, 26),
	(1124, 'LLANO GRANDE', 1, 26),
	(1125, 'MARIA PAZ', 1, 26),
	(1126, 'PINAR DEL RIO', 1, 26),
	(1127, 'PINAR DEL RIO II', 1, 26),
	(1128, 'SAN CARLOS', 1, 26),
	(1129, 'VILLA DE LA LOMA', 1, 26),
	(1130, 'VILLA DE LA LOMA II SECTOR MZ.31 y 32', 1, 26),
	(1131, 'VILLA DE LA TORRE', 1, 26),
	(1132, 'VILLA EMILIA', 1, 26),
	(1133, 'VILLA NELLY', 1, 26),
	(1134, 'VILLA NELLY - LOS ALISOS', 1, 26),
	(1135, 'VISTA HERMOSA (PORTAL PATIO BONITO)', 1, 26),
	(1136, 'ALFONSO LOPEZ MICHELSEN', 1, 26),
	(1137, 'BRITALITA', 1, 26),
	(1138, 'CALARCA', 1, 26),
	(1139, 'CALARCA II', 1, 26),
	(1140, 'CASA BLANCA SUR', 1, 26),
	(1141, 'CLASS', 1, 26),
	(1142, 'EL ALMENAR', 1, 26),
	(1143, 'EL CARMELO', 1, 26),
	(1144, 'GRAN BRITALIA', 1, 26),
	(1145, 'LA ESPERANZA', 1, 26),
	(1146, 'LA MARIA', 1, 26),
	(1147, 'PASTRANITA I SECTOR', 1, 26),
	(1148, 'SANTA MARIA DE KENNEDY', 1, 26),
	(1149, 'VEGAS DE SANTA ANA', 1, 26),
	(1150, 'VILLA ANDREA', 1, 26),
	(1151, 'VILLA ANITA', 1, 26),
	(1152, 'VILLA CLEMENCIA SECTOR VILLA GRATA', 1, 26),
	(1153, 'VILLA NELLY', 1, 26),
	(1154, 'VILLA ZARZAMORA', 1, 26),
	(1155, 'VILLAS DE KENNEDY', 1, 26),
	(1156, 'ALTAMAR', 1, 26),
	(1157, 'AVENIDA CUNDINAMARCA', 1, 26),
	(1158, 'BARRANQUILLITA', 1, 26),
	(1159, 'BELLAVISTA', 1, 26),
	(1160, 'CAMPO HERMOSO', 1, 26),
	(1161, 'CIUDAD DE CALI', 1, 26),
	(1162, 'CIUDAD GALAN', 1, 26),
	(1163, 'CIUDAD GRANADA', 1, 26),
	(1164, 'DINDALITO', 1, 26),
	(1165, 'EL PARAISO', 1, 26),
	(1166, 'EL PATIO III SECTOR', 1, 26),
	(1167, 'EL ROSARIO', 1, 26),
	(1168, 'EL ROSARIO III', 1, 26),
	(1169, 'EL SAUCEDAL', 1, 26),
	(1170, 'EL TRIUNFO', 1, 26),
	(1171, 'HORIZONTE OCCIDENTE', 1, 26),
	(1172, 'JAZMIN OCCIDENTAL', 1, 26),
	(1173, 'LA RIVERA', 1, 26),
	(1174, 'LA RIVERA II SECTOR', 1, 26),
	(1175, 'LAS ACACIAS', 1, 26),
	(1176, 'LAS BRISAS', 1, 26),
	(1177, 'LAS PALMERAS', 1, 26),
	(1178, 'LAS PALMITAS', 1, 26),
	(1179, 'LAS VEGAS', 1, 26),
	(1180, 'LOS ALMENDROS', 1, 26),
	(1181, 'NUEVA ESPERANZA', 1, 26),
	(1182, 'PARQUES DEL TINTAL (CAMPO ALEGRE LONDOÑO)', 1, 26),
	(1183, 'PATIO BONITO I', 1, 26),
	(1184, 'PATIO BONITO II SECTOR', 1, 26),
	(1185, 'PUENTE LA VEGA', 1, 26),
	(1186, 'SAN DIONISIO', 1, 26),
	(1187, 'SAN MARINO', 1, 26),
	(1188, 'SANTA MONICA', 1, 26),
	(1189, 'SECTOR II ALTAMAR', 1, 26),
	(1190, 'SUMAPAZ', 1, 26),
	(1191, 'TAYRONA', 1, 26),
	(1192, 'TINTALITO', 1, 26),
	(1193, 'TINTALITO II', 1, 26),
	(1194, 'TOCAREMA', 1, 26),
	(1195, 'URBANIZACION DINDALITO I ETAPA', 1, 26),
	(1196, 'VILLA ALEXANDRA', 1, 26),
	(1197, 'VILLA ANDRES', 1, 26),
	(1198, 'VILLA HERMOSA', 1, 26),
	(1199, 'VILLA MENDOZA', 1, 26),
	(1200, 'LAS MARGARITAS', 1, 26),
	(1201, 'OSORIO XI', 1, 26),
	(1202, 'OSORIO XII', 1, 26),
	(1203, 'ALOHA', 1, 26),
	(1204, 'ALSACIA', 1, 26),
	(1205, 'URBANIZACION CASTILLA RESERVADO', 1, 26),
	(1206, 'URBANIZACION CATANIA', 1, 26),
	(1207, 'URBANIZACION CATANIA CASTILLA', 1, 26),
	(1208, 'URBANIZACION PIO XII', 1, 26),
	(1209, 'URBANIZACION PIO XII', 1, 26),
	(1210, 'VALLADOLID', 1, 26),
	(1211, 'VILLA ALSACIA', 1, 26),
	(1212, 'VILLA CASTILLA', 1, 26),
	(1213, 'VILLA GALANTE', 1, 26),
	(1214, 'VILLA LILIANA', 1, 26),
	(1215, 'VILLA MARIANA', 1, 26),
	(1216, 'VISION DE COLOMBIA', 1, 26),
	(1217, 'ABRAHAM LINCOLN', 1, 26),
	(1218, 'AGRUP. FRANCISCO JOSE DE CALDAS.', 1, 26),
	(1219, 'AGRUPACION DE VIVIENDA EL PARAISO', 1, 26),
	(1220, 'CASA BLANCA I ETAPA', 1, 26),
	(1221, 'CASA BLANCA II ETAPA', 1, 26),
	(1222, 'CENTRO CIVICO CIUDAD KENNEDY', 1, 26),
	(1223, 'CIUDAD KENNEDY CENTRAL', 1, 26),
	(1224, 'CIUDAD KENNEDY NORTE', 1, 26),
	(1225, 'CIUDAD KENNEDY OCCIDENTAL', 1, 26),
	(1226, 'CIUDAD KENNEDY ORIENTAL', 1, 26),
	(1227, 'CIUDAD KENNEDY SUPER MZ. 10', 1, 26),
	(1228, 'CIUDAD KENNEDY SUPER MZ. 13', 1, 26),
	(1229, 'CIUDAD KENNEDY SUR', 1, 26),
	(1230, 'CONJUNTO RESIDENCIA MANUEL MEJIA', 1, 26),
	(1231, 'EL DESCANSO', 1, 26),
	(1232, 'KENNEDY NORTE SUPER MZ.11', 1, 26),
	(1233, 'KENNEDY OCCIDENTAL MZ. 14', 1, 26),
	(1234, 'KENNEDY OCCIDENTAL MZ.15', 1, 26),
	(1235, 'KENNEDY ORIENTAL SUPER  MZ.7', 1, 26),
	(1236, 'KENNEDY ORIENTAL SUPER MZ. 3', 1, 26),
	(1237, 'KENNEDY ORIENTAL SUPER MZ. 6', 1, 26),
	(1238, 'KENNEDY ORIENTAL SUPER MZ.2', 1, 26),
	(1239, 'KENNEDY ORIENTAL SUPER MZ.5', 1, 26),
	(1240, 'KENNEDY SUPERMANZANA I', 1, 26),
	(1241, 'LA GIRALDILLA', 1, 26),
	(1242, 'LA GIRALDILLA II', 1, 26),
	(1243, 'MIRAFLORES KENNEDY', 1, 26),
	(1244, 'MULTIFAMILIAR TECHO', 1, 26),
	(1245, 'NUEVO KENNEDY', 1, 26),
	(1246, 'NVO. KENNEDY EL DESCANSO', 1, 26),
	(1247, 'ONASIS', 1, 26),
	(1248, 'PASTRANA', 1, 26),
	(1249, 'SUPERMANZANA 16', 1, 26),
	(1250, 'SUPERMANZANA 9B', 1, 26),
	(1251, 'TECHO', 1, 26),
	(1252, 'UNIDAD RESIDENCIAL AYACUCHO 2 S.MZ', 1, 26),
	(1253, 'URB. KENNEDY SUPER MZ.8', 1, 26),
	(1254, 'URB. MANDALAY ETAPA C ZONA 73', 1, 26),
	(1255, 'URBANIZACION ARBOLETE CASABLANCA', 1, 26),
	(1256, 'URBANIZACION BANDERAS', 1, 26),
	(1257, 'URBANIZACION EXPERIMENTAL KENNEDY', 1, 26),
	(1258, 'URBANIZACION SINAI', 1, 26),
	(1259, 'ACIP', 1, 26),
	(1260, 'ALAMEDA DE TIMIZA', 1, 26),
	(1261, 'ALFONSO MONTAÑA', 1, 26),
	(1262, 'BERLIN', 1, 26),
	(1263, 'BOITA', 1, 26),
	(1264, 'BOITA I SECTOR', 1, 26),
	(1265, 'BOITA II SECTOR', 1, 26),
	(1266, 'CASA LOMA', 1, 26),
	(1267, 'CATALINA', 1, 26),
	(1268, 'CATALINA II', 1, 26),
	(1269, 'EL COMITE', 1, 26),
	(1270, 'EL JORDAN', 1, 26),
	(1271, 'EL JORDAN II Y III', 1, 26),
	(1272, 'EL PALENQUE', 1, 26),
	(1273, 'EL PORVENIR II SECTOR', 1, 26),
	(1274, 'EL PORVENIR MZ. A', 1, 26),
	(1275, 'EL RUBI', 1, 26),
	(1276, 'JACQUELINE', 1, 26),
	(1277, 'JUAN PABLO I', 1, 26),
	(1278, 'LA CECILIA', 1, 26),
	(1279, 'LA UNIDAD', 1, 26),
	(1280, 'LAGO TIMIZA I Y II ETAPA', 1, 26),
	(1281, 'LAS LUCES', 1, 26),
	(1282, 'MORABIA II', 1, 26),
	(1283, 'NUEVA TIMIZA', 1, 26),
	(1284, 'NUEVO TIMIZA', 1, 26),
	(1285, 'ONASSIS', 1, 26),
	(1286, 'PASTRANA', 1, 26),
	(1287, 'PASTRANITA II SECTOR', 1, 26),
	(1288, 'PERPETUO SOCORRO', 1, 26),
	(1289, 'PERPETUO SOCORRO II', 1, 26),
	(1290, 'PRADOS DE KENNEDY', 1, 26),
	(1291, 'RENANIA URAPANES', 1, 26),
	(1292, 'ROMA', 1, 26),
	(1293, 'ROMA II (URB. BERTHA HERNANDEZ DE OSPINA)', 1, 26),
	(1294, 'SAGRADO CORAZON', 1, 26),
	(1295, 'SAN MARTIN DE PORRES', 1, 26),
	(1296, 'SANTA CATALINA', 1, 26),
	(1297, 'TIMIZA', 1, 26),
	(1298, 'TONOLI', 1, 26),
	(1299, 'TOCAREMA', 1, 26),
	(1300, 'TUNDAMA', 1, 26),
	(1301, 'URB. BERTHA HERNANDEZ DE OSPINA', 1, 26),
	(1302, 'URB. CATALINA', 1, 26),
	(1303, 'URBANIZACION EL PARQUE', 1, 26),
	(1304, 'URBANIZACION SANTA LUISA', 1, 26),
	(1305, 'VASCONIA II', 1, 26),
	(1306, 'VILLA DE LOS SAUCES', 1, 26),
	(1307, 'VILLA RICA', 1, 26),
	(1308, 'ATICOS DE LAS AMERICAS', 1, 26),
	(1309, 'COOPERATIVA DE SUBOFICIALES', 1, 26),
	(1310, 'EL CONDADO DE LA PAZ', 1, 26),
	(1311, 'LOS PINOS DE MARSELLA', 1, 26),
	(1312, 'LUCITANIA', 1, 26),
	(1313, 'MARSELLA', 1, 26),
	(1314, 'MARSELLA SECTOR NORTE I Y II ETAPA', 1, 26),
	(1315, 'MULTIFAMILIARES LA PAZ EL FERROL', 1, 26),
	(1316, 'NUESTRA SEÑORA DE LA PAZ', 1, 26),
	(1317, 'SAN JOSE OCCIDENTAL', 1, 26),
	(1318, 'UNIDAD OVIEDO', 1, 26),
	(1319, 'URBANIZACION BAVARIA', 1, 26),
	(1320, 'VILLA ALSACIA', 1, 26),
	(1321, 'ARABIA', 1, 25),
	(1322, 'ATAHUALPA', 1, 25),
	(1323, 'BAHIA SOLANO', 1, 25),
	(1324, 'BATAVIA', 1, 25),
	(1325, 'BELEN', 1, 25),
	(1326, 'BETANIA', 1, 25),
	(1327, 'CENTENARIO', 1, 25),
	(1328, 'COFRADIA', 1, 25),
	(1329, 'EL CARMEN', 1, 25),
	(1330, 'EL CUCO', 1, 25),
	(1331, 'EL CUCO (LA ESTANCIA)', 1, 25),
	(1332, 'EL GUADUAL', 1, 25),
	(1333, 'EL JORDAN', 1, 25),
	(1334, 'EL PEDREGAL', 1, 25),
	(1335, 'EL RUBI', 1, 25),
	(1336, 'EL TAPETE', 1, 25),
	(1337, 'FERROCAJA', 1, 25),
	(1338, 'FLANDES', 1, 25),
	(1339, 'FONTIBON CENTRO', 1, 25),
	(1340, 'LA CABANA', 1, 25),
	(1341, 'LA GIRALDA', 1, 25),
	(1342, 'LA LAGUNA', 1, 25),
	(1343, 'LAS FLORES', 1, 25),
	(1344, 'PALESTINA', 1, 25),
	(1345, 'RINCON SANTO', 1, 25),
	(1346, 'SALAMANCA', 1, 25),
	(1347, 'SAN PEDRO LOS ROBLES', 1, 25),
	(1348, 'TORCOROMA', 1, 25),
	(1349, 'UNIDAD RESIDENCIAL MONTECARLO', 1, 25),
	(1350, 'VALLE VERDE', 1, 25),
	(1351, 'VERACRUZ', 1, 25),
	(1352, 'VERSALLES', 1, 25),
	(1353, 'VILLA BEATRIZ', 1, 25),
	(1354, 'VILLA CARMENZA', 1, 25),
	(1355, 'VILLEMAR', 1, 25),
	(1356, 'AMBALEMA', 1, 25),
	(1357, 'BOHIOS', 1, 25),
	(1358, 'EL PORTAL', 1, 25),
	(1359, 'EL REFUGIO', 1, 25),
	(1360, 'EL TRIANGULO', 1, 25),
	(1361, 'FLORENCIA', 1, 25),
	(1362, 'JERICO', 1, 25),
	(1363, 'LA ALDEA', 1, 25),
	(1364, 'LA ESTACION', 1, 25),
	(1365, 'LA PERLA', 1, 25),
	(1366, 'LA ZELFITA', 1, 25),
	(1367, 'LAS BRISAS', 1, 25),
	(1368, 'PRADOS DE LA ALAMEDA', 1, 25),
	(1369, 'PUENTE GRANDE', 1, 25),
	(1370, 'SAN PABLO', 1, 25),
	(1371, 'SELVA DORADA', 1, 25),
	(1372, 'VILLA LILIANA', 1, 25),
	(1373, 'MORAVIA', 1, 25),
	(1374, 'KAZANDRA', 1, 25),
	(1375, 'CARLOS LLERAS', 1, 25),
	(1376, 'LA ESPERANZA NORTE', 1, 25),
	(1377, 'SALITRE NOR - OCCIDENTAL', 1, 25),
	(1378, 'SAUSALITO', 1, 25),
	(1379, 'EL FRANCO', 1, 25),
	(1380, 'GRANJAS DE TECHO', 1, 25),
	(1381, 'MONTEVIDEO', 1, 25),
	(1382, 'PARAISO BAVARIA', 1, 25),
	(1383, 'VISION SEMINDUSTRIAL', 1, 25),
	(1384, 'BOSQUE DE MODELIA', 1, 25),
	(1385, 'BALEARES', 1, 25),
	(1386, 'CAPELLANIA', 1, 25),
	(1387, 'EL RINCON DE MODELIA', 1, 25),
	(1388, 'FUENTES DEL DORADO', 1, 25),
	(1389, 'LA ESPERANZA', 1, 25),
	(1390, 'MALLORCA', 1, 25),
	(1391, 'MODELIA', 1, 25),
	(1392, 'MODELIA OCCIDENTAL', 1, 25),
	(1393, 'SANTA CECILIA', 1, 25),
	(1394, 'TARRAGONA', 1, 25),
	(1395, 'EL JARDIN', 1, 25),
	(1396, 'LA ROSITA', 1, 25),
	(1397, 'PUERTA DE TEJA', 1, 25),
	(1398, 'SAN JOSE', 1, 25),
	(1399, 'VERACRUZ', 1, 25),
	(1400, 'EL BOGOTANO', 1, 25),
	(1401, 'ACAPULCO', 1, 24),
	(1402, 'BELLAVISTA  OCCIDENTAL', 1, 24),
	(1403, 'BONANZA', 1, 24),
	(1404, 'BOSQUE POPULAR', 1, 24),
	(1405, 'CATALUÑA', 1, 24),
	(1406, 'CIUDAD DE HONDA', 1, 24),
	(1407, 'EL DORADO SAN JOAQUIN', 1, 24),
	(1408, 'EL GUALI', 1, 24),
	(1409, 'EL LAUREL', 1, 24),
	(1410, 'EL PASEO', 1, 24),
	(1411, 'ESTRADA', 1, 24),
	(1412, 'LA CABAÑA', 1, 24),
	(1413, 'LA ESTRADITA', 1, 24),
	(1414, 'LA EUROPA', 1, 24),
	(1415, 'LA MARCELA', 1, 24),
	(1416, 'LA RELIQUIA', 1, 24),
	(1417, 'LAS FERIAS', 1, 24),
	(1418, 'METROPOLIS', 1, 24),
	(1419, 'PALO BLANCO', 1, 24),
	(1420, 'SAN JOAQUIN', 1, 24),
	(1421, 'SANTO DOMINGO', 1, 24),
	(1422, 'ANDALUCIA', 1, 24),
	(1423, 'BOCHICA', 1, 24),
	(1424, 'CIUDAD BACHUE', 1, 24),
	(1425, 'COPETROCO  LA TROPICAL', 1, 24),
	(1426, 'EL PORTAL DEL RIO', 1, 24),
	(1427, 'LA ESPAÑOLA', 1, 24),
	(1428, 'LA PALESTINA', 1, 24),
	(1429, 'LA SERENA', 1, 24),
	(1430, 'LOS CERECITOS', 1, 24),
	(1431, 'LOS CEREZOS', 1, 24),
	(1432, 'LUIS CARLOS GALAN', 1, 24),
	(1433, 'MEISSEN - SIDAUTO', 1, 24),
	(1434, 'MINUTO DE DIOS', 1, 24),
	(1435, 'MORISCO', 1, 24),
	(1436, 'PARIS GAITAN', 1, 24),
	(1437, 'PRIMAVERA  NORTE', 1, 24),
	(1438, 'QUIRIGUA', 1, 24),
	(1439, 'BOYACA', 1, 24),
	(1440, 'EL CARMELO', 1, 24),
	(1441, 'EL REFUGIO', 1, 24),
	(1442, 'FLORENCIA', 1, 24),
	(1443, 'FLORIDA BLANCA', 1, 24),
	(1444, 'LA ALMERIA', 1, 24),
	(1445, 'LA GRANJA', 1, 24),
	(1446, 'LA SOLEDAD NORTE', 1, 24),
	(1447, 'LOS PINOS FLORENCIA', 1, 24),
	(1448, 'MARATU', 1, 24),
	(1449, 'PARIS', 1, 24),
	(1450, 'SANTA HELENITA', 1, 24),
	(1451, 'SANTA MARIA DEL LAGO', 1, 24),
	(1452, 'SANTA ROSITA', 1, 24),
	(1453, 'TABORA', 1, 24),
	(1454, 'VERACRUZ', 1, 24),
	(1455, 'ZARZAMORA', 1, 24),
	(1456, 'EL ENCANTO', 1, 24),
	(1457, 'EL LUJAN', 1, 24),
	(1458, 'EL REAL', 1, 24),
	(1459, 'LOS MONJES', 1, 24),
	(1460, 'NORMANDIA', 1, 24),
	(1461, 'NORMANDIA  OCCIDENTAL', 1, 24),
	(1462, 'SAN IGNACIO', 1, 24),
	(1463, 'SAN MARCOS', 1, 24),
	(1464, 'SANTA CECILIA', 1, 24),
	(1465, 'VILLA LUZ', 1, 24),
	(1466, 'BOCHICA II', 1, 24),
	(1467, 'BOLIVIA', 1, 24),
	(1468, 'CIUDADELA  COLSUBSIDIO', 1, 24),
	(1469, 'EL CORTIJO', 1, 24),
	(1470, 'EL DORADO', 1, 24),
	(1471, 'BOSQUES DE MARIANA', 1, 24),
	(1472, 'ALAMOS', 1, 24),
	(1473, 'ALAMOS NORTE', 1, 24),
	(1474, 'EL CEDRO', 1, 24),
	(1475, 'GARCES NAVAS', 1, 24),
	(1476, 'LOS ANGELES', 1, 24),
	(1477, 'MOLINOS DE VIENTO', 1, 24),
	(1478, 'PLAZUELAS  DEL VIRREY', 1, 24),
	(1479, 'SAN BASILIO', 1, 24),
	(1480, 'SANTA MONICA', 1, 24),
	(1481, 'VILLA AMALIA', 1, 24),
	(1482, 'VILLA SAGRARIO', 1, 24),
	(1483, 'VILLAS DE GRANADA', 1, 24),
	(1484, 'VILLAS DE MADRIGAL', 1, 24),
	(1485, 'VILLAS EL DORADO SAN ANTONIO', 1, 24),
	(1486, 'ALAMEDA', 1, 24),
	(1487, 'DANUBIO CENTAUROS', 1, 24),
	(1488, 'EL CEDRO', 1, 24),
	(1489, 'EL MIRADOR', 1, 24),
	(1490, 'EL MUELLE', 1, 24),
	(1491, 'EL PALMAR', 1, 24),
	(1492, 'EL TRIANGULO', 1, 24),
	(1493, 'EL VERDUN', 1, 24),
	(1494, 'ENGATIVA CENTRO', 1, 24),
	(1495, 'GRANJAS EL DORADO', 1, 24),
	(1496, 'LA CABAÑA', 1, 24),
	(1497, 'LA ESPERANZA', 1, 24),
	(1498, 'LA FAENA', 1, 24),
	(1499, 'LA RIVIERA', 1, 24),
	(1500, 'LA TORTIGUA', 1, 24),
	(1501, 'LAS MERCEDES', 1, 24),
	(1502, 'LAS PALMAS', 1, 24),
	(1503, 'LINTERAMA', 1, 24),
	(1504, 'LOS LAURELES', 1, 24),
	(1505, 'LOS LAURELES  SABANAS EL DORADO', 1, 24),
	(1506, 'MARANDU', 1, 24),
	(1507, 'PORVENIR', 1, 24),
	(1508, 'PUERTO AMOR PLAYAS DEL JABOQUE', 1, 24),
	(1509, 'SAN ANTONIO NORTE', 1, 24),
	(1510, 'SAN BASILIO', 1, 24),
	(1511, 'SAN JOSE OBRERO', 1, 24),
	(1512, 'SANTA LIBRADA', 1, 24),
	(1513, 'VILLA CLAVER I y II', 1, 24),
	(1514, 'VILLA CONSTANZA', 1, 24),
	(1515, 'VILLA EL DORADO NORTE', 1, 24),
	(1516, 'VILLA GLADYS', 1, 24),
	(1517, 'VILLA MARY', 1, 24),
	(1518, 'VILLA SANDRA', 1, 24),
	(1519, 'VILLA TERESITA', 1, 24),
	(1520, 'VILLAS EL DORADO SAN ANTONIO II SECTOR', 1, 24),
	(1521, 'VIÑA DEL MAR', 1, 24),
	(1522, 'EL SALITRE LUIS MARIA FERNANDEZ', 1, 24),
	(1523, 'SAN IGNACIO', 1, 24),
	(1524, 'LOS ALAMOS', 1, 24),
	(1525, 'LA ACADEMIA', 1, 33),
	(1526, 'GUAYMARAL', 1, 33),
	(1527, 'CONEJERA', 1, 33),
	(1528, 'GIBRALTAR', 1, 33),
	(1529, 'GUICANI', 1, 33),
	(1530, 'MIRANDELA', 1, 33),
	(1531, 'NUEVA ZELANDIA', 1, 33),
	(1532, 'OIKOS', 1, 33),
	(1533, 'SAN FELIPE', 1, 33),
	(1534, 'SAN JOSE DE BAVARIA', 1, 33),
	(1535, 'SANTA CATALINA', 1, 33),
	(1536, 'TEJARES DEL NORTE', 1, 33),
	(1537, 'VILLA NOVA', 1, 33),
	(1538, 'VILLA DEL PRADO', 1, 33),
	(1539, 'VILLA LUCY', 1, 33),
	(1540, 'BRITALIA', 1, 33),
	(1541, 'BRITALIA SAN DIEGO', 1, 33),
	(1542, 'CALIMA NORTE', 1, 33),
	(1543, 'CANTAGALLO', 1, 33),
	(1544, 'CANTALEJO', 1, 33),
	(1545, 'EL PARAISO DE LOS 12 APOSTOLES', 1, 33),
	(1546, 'GILMAR', 1, 33),
	(1547, 'GRANADA NORTE', 1, 33),
	(1548, 'GRANJAS DE NAMUR', 1, 33),
	(1549, 'LA CHOCITA', 1, 33),
	(1550, 'LOS ELISEOS', 1, 33),
	(1551, 'PIJAO DE ORO', 1, 33),
	(1552, 'PORTALES DEL NORTE', 1, 33),
	(1553, 'SAN CIPRANO', 1, 33),
	(1554, 'VILLA DELIA', 1, 33),
	(1555, 'VILLA DELIA-BRITALIA NORTE', 1, 33),
	(1556, 'VISTA BELLA', 1, 33),
	(1557, 'ALCALA', 1, 33),
	(1558, 'ATABANZA', 1, 33),
	(1559, 'BERNAL Y FORERO', 1, 33),
	(1560, 'CACIGUA', 1, 33),
	(1561, 'CANODROMO', 1, 33),
	(1562, 'LA SULTANA', 1, 33),
	(1563, 'LIBERTADORES', 1, 33),
	(1564, 'LOS PRADOS DE LA SULTANA', 1, 33),
	(1565, 'MADEIRA', 1, 33),
	(1566, 'MANUELA ARLUZ', 1, 33),
	(1567, 'MAZUREN', 1, 33),
	(1568, 'NIZA IX', 1, 33),
	(1569, 'PRADO PINZON', 1, 33),
	(1570, 'PRADO SUR', 1, 33),
	(1571, 'PRADO VERANIEGO', 1, 33),
	(1572, 'PRADO VERANIEGO NORTE', 1, 33),
	(1573, 'PRADO VERANIEGO SUR', 1, 33),
	(1574, 'SAN JOSE DE SPRING', 1, 33),
	(1575, 'SAN JOSE DEL PRADO', 1, 33),
	(1576, 'SANTA HELENA', 1, 33),
	(1577, 'TARRAGONA', 1, 33),
	(1578, 'TIERRA LINDA', 1, 33),
	(1579, 'VICTORIA NORTE', 1, 33),
	(1580, 'VILLA MORENA', 1, 33),
	(1581, 'ALHAMBRA', 1, 33),
	(1582, 'BATAN', 1, 33),
	(1583, 'EL RECREO DE LOS FRAILES', 1, 33),
	(1584, 'ESTORIL', 1, 33),
	(1585, 'ILARCO', 1, 33),
	(1586, 'MALIBU', 1, 33),
	(1587, 'MONACO', 1, 33),
	(1588, 'PASADENA', 1, 33),
	(1589, 'PUENTE LARGO', 1, 33),
	(1590, 'ATENAS', 1, 33),
	(1591, 'CALATAYUD', 1, 33),
	(1592, 'PRADOS DEL SALITRE', 1, 33),
	(1593, 'RINCON DE SANTA INES', 1, 33),
	(1594, 'SAN FRANCISCO', 1, 33),
	(1595, 'SANTA ISABEL', 1, 33),
	(1596, 'SUBA CENTRO', 1, 33),
	(1597, 'TUNA ALTA', 1, 33),
	(1598, 'TUNA BAJA', 1, 33),
	(1599, 'TURINGIA', 1, 33),
	(1600, 'VEREDA SUBA CERROS', 1, 33),
	(1601, 'VILLA DEL CAMPO', 1, 33),
	(1602, 'VILLA ESPERANZA', 1, 33),
	(1603, 'VILLA HERMOSA', 1, 33),
	(1604, 'VILLA SUSANA', 1, 33),
	(1605, 'ALCAPARROS', 1, 33),
	(1606, 'ALMIRANTE COLON', 1, 33),
	(1607, 'ALMONACID', 1, 33),
	(1608, 'ALTOS DE CHOZICA', 1, 33),
	(1609, 'ALTOS DE LA ESPERANZA', 1, 33),
	(1610, 'AMBERES', 1, 33),
	(1611, 'ANTONIO GRANADOS', 1, 33),
	(1612, 'ARRAYANES', 1, 33),
	(1613, 'AURES', 1, 33),
	(1614, 'BOCHALEMA', 1, 33),
	(1615, 'CATALINA', 1, 33),
	(1616, 'CIUDAD HUNZA', 1, 33),
	(1617, 'COSTA AZUL', 1, 33),
	(1618, 'COSTA RICA', 1, 33),
	(1619, 'EL AGUINALDO', 1, 33),
	(1620, 'EL ARENAL', 1, 33),
	(1621, 'EL CARMEN', 1, 33),
	(1622, 'EL CEREZO', 1, 33),
	(1623, 'EL CONDOR', 1, 33),
	(1624, 'EL JORDAN LA ESPERANZA', 1, 33),
	(1625, 'EL POA', 1, 33),
	(1626, 'EL NARANJAL', 1, 33),
	(1627, 'EL OCAL', 1, 33),
	(1628, 'EL PALMAR', 1, 33),
	(1629, 'EL PORTICO', 1, 33),
	(1630, 'EL PROGRESO', 1, 33),
	(1631, 'EL REFUGIO DE SUBA', 1, 33),
	(1632, 'CIUDADELA CAFAM', 1, 33),
	(1633, 'EL RUBI', 1, 33),
	(1634, 'EL TABOR', 1, 33),
	(1635, 'GLORIA LARA DE ECHEVERRI', 1, 33),
	(1636, 'GUILLERMO NUÑEZ', 1, 33),
	(1637, 'JAIME BERMEO', 1, 33),
	(1638, 'JAPON', 1, 33),
	(1639, 'JAVA II SECTOR', 1, 33),
	(1640, 'LA AGUADITA', 1, 33),
	(1641, 'LA ALAMEDA', 1, 33),
	(1642, 'LA AURORA', 1, 33),
	(1643, 'LA CHUCUA', 1, 33),
	(1644, 'LA ESMERALDA', 1, 33),
	(1645, 'LA ESPERANZA (CALLE 131A)', 1, 33),
	(1646, 'LA ESTANZUELA', 1, 33),
	(1647, 'LA FLOR', 1, 33),
	(1648, 'LA FLORA', 1, 33),
	(1649, 'LA MANUELITA', 1, 33),
	(1650, 'LA PALMA', 1, 33),
	(1651, 'LA TRINITARIA', 1, 33),
	(1652, 'LAGO DE SUBA', 1, 33),
	(1653, 'LAS FLORES', 1, 33),
	(1654, 'LOMBARDIA', 1, 33),
	(1655, 'LOS ARRAYANES', 1, 33),
	(1656, 'LOS NARANJOS', 1, 33),
	(1657, 'LOS NOGALES', 1, 33),
	(1658, 'NARANJOS ALTOS', 1, 33),
	(1659, 'NUEVO CORINTO', 1, 33),
	(1660, 'PALMA ALDEA', 1, 33),
	(1661, 'POTRERILLO', 1, 33),
	(1662, 'POTRERILLOS DE SUBA', 1, 33),
	(1663, 'PRADOS DE SANTA BARBARA', 1, 33),
	(1664, 'CASA BLANCA I', 1, 33),
	(1665, 'CASA BLANCA II', 1, 33),
	(1666, 'CASA BLANCA SEC EL PLAN', 1, 33),
	(1667, 'CASA BLANCA SEC LA GRUTA', 1, 33),
	(1668, 'CASA BLANCA SUBA', 1, 33),
	(1669, 'DEL MONTE', 1, 33),
	(1670, 'EL VELERO', 1, 33),
	(1671, 'ESCUELA DE CARABINEROS', 1, 33),
	(1672, 'CALATRAVA', 1, 33),
	(1673, 'CAMPANIA', 1, 33),
	(1674, 'CIUDAD JARDIN NORTE', 1, 33),
	(1675, 'LA COLINA CAMPESTRE', 1, 33),
	(1676, 'COLINAS DE SUBA', 1, 33),
	(1677, 'CORDOBA', 1, 33),
	(1678, 'COVADONGA', 1, 33),
	(1679, 'GRATAMIRA', 1, 33),
	(1680, 'IBERIA', 1, 33),
	(1681, 'LAGOS DE CORDOBA', 1, 33),
	(1682, 'LAS VILLAS', 1, 33),
	(1683, 'LINDARAJA', 1, 33),
	(1684, 'NIZA', 1, 33),
	(1685, 'NIZA NORTE', 1, 33),
	(1686, 'NIZA SUBA', 1, 33),
	(1687, 'NIZA VIII', 1, 33),
	(1688, 'PRADO JARDIN', 1, 33),
	(1689, 'PROVENZA', 1, 33),
	(1690, 'RINCON DE IBERIA', 1, 33),
	(1691, 'SOTILEZA', 1, 33),
	(1692, 'ANDES NORTE', 1, 33),
	(1693, 'CLUB DE LOS LAGARTOS', 1, 33),
	(1694, 'COASMEDAS', 1, 33),
	(1695, 'JULIO FLOREZ', 1, 33),
	(1696, 'LA ALBORADA', 1, 33),
	(1697, 'LA FLORESTA NORTE', 1, 33),
	(1698, 'MORATO', 1, 33),
	(1699, 'NUEVO MONTERREY', 1, 33),
	(1700, 'PONTEVEDRA', 1, 33),
	(1701, 'POTOSI', 1, 33),
	(1702, 'SANTA ROSA', 1, 33),
	(1703, 'ASMEDAS', 1, 33),
	(1704, 'TEUSACA', 1, 33),
	(1705, 'ACACIAS', 1, 33),
	(1706, 'ALASKA', 1, 33),
	(1707, 'ALCAZAR DE SUBA', 1, 33),
	(1708, 'ALMENDROS NORTE', 1, 33),
	(1709, 'ALTO DE LA TOMA', 1, 33),
	(1710, 'BOSQUES DE SAN JORGE', 1, 33),
	(1711, 'CAMPANELA', 1, 33),
	(1712, 'EL PENCIL BARRIO EL SALITRE', 1, 33),
	(1713, 'EL PINAR', 1, 33),
	(1714, 'EL PINO', 1, 33),
	(1715, 'EL PORTICO', 1, 33),
	(1716, 'EL SALITRE', 1, 33),
	(1717, 'JAVA', 1, 33),
	(1718, 'LA CAMPIÑA', 1, 33),
	(1719, 'LA FONTANA', 1, 33),
	(1720, 'LAS ORQUIDEAS', 1, 33),
	(1721, 'LONDRES', 1, 33),
	(1722, 'MIRAFLORES', 1, 33),
	(1723, 'MONARCAS', 1, 33),
	(1724, 'NAVETAS', 1, 33),
	(1725, 'PINAR DE SUBA', 1, 33),
	(1726, 'PINOS DE LOMBARDIA', 1, 33),
	(1727, 'PORTAL DE LAS MERCEDES', 1, 33),
	(1728, 'PRADERA DE SUBA', 1, 33),
	(1729, 'PRADOS DE SUBA', 1, 33),
	(1730, 'PUERTA DEL SOL', 1, 33),
	(1731, 'RINCON DE SUBA', 1, 33),
	(1732, 'RINCON EL CONDOR', 1, 33),
	(1733, 'RINCON ESCUELA', 1, 33),
	(1734, 'RIOBAMBA', 1, 33),
	(1735, 'RODRIGO LARA BONILLA', 1, 33),
	(1736, 'SAN CAYETANO', 1, 33),
	(1737, 'SAN ISIDRO NORTE', 1, 33),
	(1738, 'SAN JORGE', 1, 33),
	(1739, 'SAN MIGUEL TIBABUYES', 1, 33),
	(1740, 'SAN PEDRO', 1, 33),
	(1741, 'SANTA ANA DE SUBA', 1, 33),
	(1742, 'SANTA BARBARA TIBABUYES', 1, 33),
	(1743, 'SANTA INES - SANTA HELENA', 1, 33),
	(1744, 'TABERIN', 1, 33),
	(1745, 'TELECOM ARRAYANES', 1, 33),
	(1746, 'TEUSAQUILLO DE SUBA', 1, 33),
	(1747, 'TIBABUYES', 1, 33),
	(1748, 'VILLA ALEXANDRA', 1, 33),
	(1749, 'VILLA CATALINA', 1, 33),
	(1750, 'VILLA ELISA', 1, 33),
	(1751, 'VILLA MARIA', 1, 33),
	(1752, 'VILLAS DEL RINCON', 1, 33),
	(1753, 'ATENAS', 1, 33),
	(1754, 'BERLIN', 1, 33),
	(1755, 'BILBAO', 1, 33),
	(1756, 'CAÑIZA I', 1, 33),
	(1757, 'CAROLINA II y III', 1, 33),
	(1758, 'EL CEDRO', 1, 33),
	(1759, 'COMPARTIR', 1, 33),
	(1760, 'LA GAITANA', 1, 33),
	(1761, 'LA ISABELA', 1, 33),
	(1762, 'LISBOA', 1, 33),
	(1763, 'LOS NOGALES DE TIBABUYES', 1, 33),
	(1764, 'MIRAMAR', 1, 33),
	(1765, 'NUEVA TIBABUYES', 1, 33),
	(1766, 'NUEVO CORINTO SECTOR E', 1, 33),
	(1767, 'PRADOS DE SANTA BARBARA', 1, 33),
	(1768, 'RINCON DE BOYACA', 1, 33),
	(1769, 'SABANA DE TIBABUYES', 1, 33),
	(1770, 'SAN CARLOS DE SUBA', 1, 33),
	(1771, 'SAN CARLOS DE TIBABUYES', 1, 33),
	(1772, 'SAN PEDRO DE TIBABUYES', 1, 33),
	(1773, 'SANTA CECILIA', 1, 33),
	(1774, 'SANTA RITA', 1, 33),
	(1775, 'TIBABUYES UNIVERSAL', 1, 33),
	(1776, 'TOSCANA', 1, 33),
	(1777, 'VEREDA SUBA RINCON', 1, 33),
	(1778, 'VEREDA TIBABUYES', 1, 33),
	(1779, 'VERONA', 1, 33),
	(1780, 'VILLA CINDY', 1, 33),
	(1781, 'VILLA DE LAS FLORES', 1, 33),
	(1782, 'VILLA GLORIA', 1, 33),
	(1783, 'VILLA GLORIA I', 1, 33),
	(1784, 'VILLA CALAZANZ', 1, 20),
	(1785, 'CONJUNTO RESIDENCIAL CALLA 100', 1, 20),
	(1786, 'ENTRERRIOS', 1, 20),
	(1787, 'ESCUELA MILITAR', 1, 20),
	(1788, 'LA CASTELLANA', 1, 20),
	(1789, 'LA PATRIA', 1, 20),
	(1790, 'LOS ANDES', 1, 20),
	(1791, 'RIONEGRO', 1, 20),
	(1792, 'URBANIZACION SAN MARTIN', 1, 20),
	(1793, 'VIZCAYA', 1, 20),
	(1794, '12 DE OCTUBRE', 1, 20),
	(1795, 'JORGE ELIECER GAITAN', 1, 20),
	(1796, 'JOSE JOAQUIN VARGAS', 1, 20),
	(1797, 'LA LIBERTAD', 1, 20),
	(1798, 'ENTRE RIOS', 1, 20),
	(1799, 'RINCON DEL SALITRE', 1, 20),
	(1800, 'EL LABRADOR', 1, 20),
	(1801, 'METROPOLIS', 1, 20),
	(1802, 'POPULAR MODELO', 1, 20),
	(1803, 'SAN FERNANDO', 1, 20),
	(1804, 'SAN FERNANDO OCCIDENTAL', 1, 20),
	(1805, 'SAN MIGUEL', 1, 20),
	(1806, 'SIMON BOLIVAR', 1, 20),
	(1807, '11 DE NOVIEMBRE', 1, 20),
	(1808, 'ALCAZARES NORTE', 1, 20),
	(1809, 'BAQUERO', 1, 20),
	(1810, 'BENJAMIN HERRERA', 1, 20),
	(1811, 'CHAPINERO NOROCCIDENTAL', 1, 20),
	(1812, 'COLOMBIA', 1, 20),
	(1813, 'CONCEPCION NORTE', 1, 20),
	(1814, 'JUAN XXIII', 1, 20),
	(1815, 'LA AURORA', 1, 20),
	(1816, 'LA ESPERANZA', 1, 20),
	(1817, 'LA MERCED NORTE', 1, 20),
	(1818, 'LA PAZ', 1, 20),
	(1819, 'LOS ALCAZARES', 1, 20),
	(1820, 'MUEQUETA', 1, 20),
	(1821, 'POLO CLUB', 1, 20),
	(1822, 'QUINTA MUTIS', 1, 20),
	(1823, 'RAFAEL URIBE', 1, 20),
	(1824, 'SAN FELIPE', 1, 20),
	(1825, 'SANTA SOFIA', 1, 20),
	(1826, 'SIETE DE AGOSTO', 1, 20),
	(1827, 'EL ROSARIO', 1, 20),
	(1828, 'BANCO CENTRAL', 1, 35),
	(1829, 'ALFONSO LOPEZ', 1, 35),
	(1830, 'BELALCAZAR', 1, 35),
	(1831, 'CAMPIN', 1, 35),
	(1832, 'CHAPINERO OCCIDENTAL', 1, 35),
	(1833, 'GALERIAS', 1, 35),
	(1834, 'SAN LUIS', 1, 35),
	(1835, 'ARMENIA', 1, 35),
	(1836, 'ESTRELLA', 1, 35),
	(1837, 'LA MAGDALENA', 1, 35),
	(1838, 'LA SOLEDAD', 1, 35),
	(1839, 'LAS AMERICAS', 1, 35),
	(1840, 'PALERMO', 1, 35),
	(1841, 'QUESADA', 1, 35),
	(1842, 'SANTA TERESITA', 1, 35),
	(1843, 'TEUSAQUILLO', 1, 35),
	(1844, 'EL SALITRE', 1, 35),
	(1845, 'LA ESMERALDA', 1, 35),
	(1846, 'NICOLAS DE FEDERMAN', 1, 35),
	(1847, 'NUEVO CAMPIN', 1, 35),
	(1848, 'PABLO VI', 1, 35),
	(1849, 'QUIRINAL', 1, 35),
	(1850, 'RAFAEL NUÑEZ', 1, 35),
	(1851, 'ACEVEDO TEJADA', 1, 35),
	(1852, 'CAMA VIEJA', 1, 35),
	(1853, 'CENTRO NARIÑO', 1, 35),
	(1854, 'EL RECUERDO', 1, 35),
	(1855, 'GRAN AMERICA', 1, 35),
	(1856, 'QUINTA PAREDES', 1, 35),
	(1857, 'CIUDAD SALITRE SUR-ORIENTAL', 1, 35),
	(1858, 'CIUDAD SALITRE NOR-ORIENTAL', 1, 35),
	(1859, 'EDUARDO SANTOS', 1, 28),
	(1860, 'EL PROGRESO', 1, 28),
	(1861, 'EL VERGEL', 1, 28),
	(1862, 'SANTA ISABEL', 1, 28),
	(1863, 'VERAGUAS', 1, 28),
	(1864, 'COLSEGUROS', 1, 28),
	(1865, 'EL LISTON', 1, 28),
	(1866, 'FLORIDA', 1, 28),
	(1867, 'LA ESTANZUELA', 1, 28),
	(1868, 'LA FAVORITA', 1, 28),
	(1869, 'LA PEPITA', 1, 28),
	(1870, 'LA SABANA', 1, 28),
	(1871, 'PALOQUEMAO', 1, 28),
	(1872, 'PANAMERICANO', 1, 28),
	(1873, 'RICAURTE', 1, 28),
	(1874, 'SAMPER MENDOZA', 1, 28),
	(1875, 'SAN FASON', 1, 28),
	(1876, 'SAN VICTORINO', 1, 28),
	(1877, 'SANTA FE', 1, 28),
	(1878, 'USATAMA', 1, 28),
	(1879, 'VOTO NACIONAL', 1, 28),
	(1880, 'CARACAS', 1, 19),
	(1881, 'CIUDAD BERNA', 1, 19),
	(1882, 'CIUDAD JARDIN SUR', 1, 19),
	(1883, 'LA HORTUA', 1, 19),
	(1884, 'POLICARPA', 1, 19),
	(1885, 'SEVILLA', 1, 19),
	(1886, 'EDUARDO FREI', 1, 19),
	(1887, 'LA FRAGUA', 1, 19),
	(1888, 'LA FRAGUITA', 1, 19),
	(1889, 'LUNA PARK', 1, 19),
	(1890, 'RESTREPO', 1, 19),
	(1891, 'RESTREPO OCCIDENTAL', 1, 19),
	(1892, 'SAN ANTONIO', 1, 19),
	(1893, 'SAN JORGE CENTRAL II SECTOR', 1, 19),
	(1894, 'SANTANDER', 1, 19),
	(1895, 'SANTANDER SUR', 1, 19),
	(1896, 'SENA', 1, 19),
	(1897, 'VILLA MAYOR ORIENTAL', 1, 19),
	(1898, 'LA GUACA', 1, 29),
	(1899, 'BOCHICA', 1, 29),
	(1900, 'CARABELAS', 1, 29),
	(1901, 'CIUDAD MONTES', 1, 29),
	(1902, 'EL SOL', 1, 29),
	(1903, 'JAZMIN', 1, 29),
	(1904, 'JORGE GAITAN CORTES', 1, 29),
	(1905, 'LA ASUNCION', 1, 29),
	(1906, 'LA CAMELIA', 1, 29),
	(1907, 'LOS COMUNEROS', 1, 29),
	(1908, 'PONDEROSA', 1, 29),
	(1909, 'PRIMAVERA', 1, 29),
	(1910, 'REMANSO', 1, 29),
	(1911, 'SAN EUSEBIO', 1, 29),
	(1912, 'SANTA MATILDE', 1, 29),
	(1913, 'TIBANA', 1, 29),
	(1914, 'TORREMOLINOS', 1, 29),
	(1915, 'VILLA INES', 1, 29),
	(1916, 'ALCALA', 1, 29),
	(1917, 'ALQUERIA', 1, 29),
	(1918, 'AUTOPISTA MUZU', 1, 29),
	(1919, 'LA CORUÑA', 1, 29),
	(1920, 'LOS SAUCES', 1, 29),
	(1921, 'MUZU', 1, 29),
	(1922, 'OSPINA PEREZ', 1, 29),
	(1923, 'SANTA RITA', 1, 29),
	(1924, 'TEJAR', 1, 29),
	(1925, 'VILLA DEL ROSARIO', 1, 29),
	(1926, 'VILLA SONIA', 1, 29),
	(1927, 'BARCELONA', 1, 29),
	(1928, 'BRISAS DEL GALAN', 1, 29),
	(1929, 'BRASILIA', 1, 29),
	(1930, 'CAMELIA SUR', 1, 29),
	(1931, 'COLON', 1, 29),
	(1932, 'GALAN', 1, 29),
	(1933, 'LA PRADERA', 1, 29),
	(1934, 'LA TRINIDAD', 1, 29),
	(1935, 'EL ARPAY LA LIRA', 1, 29),
	(1936, 'MILENTA', 1, 29),
	(1937, 'SAN FRANCISCO', 1, 29),
	(1938, 'SAN GABRIEL', 1, 29),
	(1939, 'SAN RAFAEL', 1, 29),
	(1940, 'SAN RAFAEL INDUSTRIAL', 1, 29),
	(1941, 'CUNDINAMARCA', 1, 29),
	(1942, 'EL EJIDO', 1, 29),
	(1943, 'GORGONZOLA', 1, 29),
	(1944, 'INDUSTRIAL CENTENARIO', 1, 29),
	(1945, 'LA FLORIDA OCCIDENTAL', 1, 29),
	(1946, 'LOS EJIDOS', 1, 29),
	(1947, 'PENSILVANIA', 1, 29),
	(1948, 'BATALLON CALDAS', 1, 29),
	(1949, 'CENTRO INDUSTRIAL', 1, 29),
	(1950, 'ORTEZAL', 1, 29),
	(1951, 'PUENTE ARANDA', 1, 29),
	(1952, 'SALAZAR GOMEZ', 1, 29),
	(1953, 'NUEVA SANTA FE DE BOGOTA', 1, 27),
	(1954, 'BELEN', 1, 27),
	(1955, 'CANDELARIA', 1, 27),
	(1956, 'CENTRO ADMINISTRATIVO', 1, 27),
	(1957, 'LA CATEDRAL', 1, 27),
	(1958, 'LA CONCORDIA', 1, 27),
	(1959, 'LAS AGUAS', 1, 27),
	(1960, 'STA BARBARA', 1, 27),
	(1961, 'GUSTAVO RESTREPO', 1, 30),
	(1962, 'HOSPITAL SAN CARLOS', 1, 30),
	(1963, 'SAN JOSE SUR', 1, 30),
	(1964, 'SAN LUIS', 1, 30),
	(1965, 'SOCIEGO SUR', 1, 30),
	(1966, 'BRAVO PAEZ', 1, 30),
	(1967, 'CENTENARIO', 1, 30),
	(1968, 'CLARET', 1, 30),
	(1969, 'INGLES', 1, 30),
	(1970, 'LIBERTADOR', 1, 30),
	(1971, 'MURILLO TORO', 1, 30),
	(1972, 'OLAYA', 1, 30),
	(1973, 'QUIROGA', 1, 30),
	(1974, 'QUIROGA CENTRAL', 1, 30),
	(1975, 'QUIROGA SUR', 1, 30),
	(1976, 'SANTA LUCIA', 1, 30),
	(1977, 'SANTIAGO PEREZ', 1, 30),
	(1978, 'VILLA MAYOR', 1, 30),
	(1979, 'CARMEN DEL SOL', 1, 30),
	(1980, 'BRAVO PAEZ', 1, 30),
	(1981, 'CARMEN DEL SOL I SECTOR', 1, 30),
	(1982, 'CENTENARIO', 1, 30),
	(1983, 'CLARET', 1, 30),
	(1984, 'EL RECUERDO SAN JORGE ALTO', 1, 30),
	(1985, 'EL TRIUNFO', 1, 30),
	(1986, 'EL TRIUNFO SUR', 1, 30),
	(1987, 'GRANJAS SAN PABLO', 1, 30),
	(1988, 'GRANJAS SANTA SOFIA', 1, 30),
	(1989, 'INGLES', 1, 30),
	(1990, 'LA RESURRECCION', 1, 30),
	(1991, 'LAS COLINAS', 1, 30),
	(1992, 'LAS LOMAS', 1, 30),
	(1993, 'LIBERTADOR', 1, 30),
	(1994, 'LUIS LOPEZ DE MESA', 1, 30),
	(1995, 'MARCO FIDEL SUAREZ', 1, 30),
	(1996, 'MARCO FIDEL SUAREZ LA CAÑADA', 1, 30),
	(1997, 'MURILLO TORO', 1, 30),
	(1998, 'OLAYA', 1, 30),
	(1999, 'RESURRECCION', 1, 30),
	(2000, 'RIO DE JANEIRO EL PESEBRE', 1, 30),
	(2001, 'SAN JORGE SUR', 1, 30),
	(2002, 'SAN JORGE-GLORIA GAITAN', 1, 30),
	(2003, 'SAN JUANITO', 1, 30),
	(2004, 'SAN JUSTINO', 1, 30),
	(2005, 'SANTA LUICIA', 1, 30),
	(2006, 'SANTIAGO PEREZ', 1, 30),
	(2007, 'TERRAZAS DE SAN JORGE', 1, 30),
	(2008, 'VILLA MAYOR', 1, 30),
	(2009, 'ANTONIO MORALES GALAVIS', 1, 30),
	(2010, 'ARBOLEDA SUR', 1, 30),
	(2011, 'CALLEJON SANTA BARBARA', 1, 30),
	(2012, 'CERROS DE ORIENTE', 1, 30),
	(2013, 'DANUBIO DEL SUR', 1, 30),
	(2014, 'EL CONSUELO', 1, 30),
	(2015, 'EL MIRADOR SUR I Y II', 1, 30),
	(2016, 'EL PENSIL', 1, 30),
	(2017, 'EL PLAYON', 1, 30),
	(2018, 'EL PUERTO LA LOMA DE SAN CARLOS', 1, 30),
	(2019, 'EL ROSAL', 1, 30),
	(2020, 'EL SOCORRO', 1, 30),
	(2021, 'GOVAROBA', 1, 30),
	(2022, 'GOVAROBA II', 1, 30),
	(2023, 'GUIPARMA', 1, 30),
	(2024, 'LA ESPERANZA', 1, 30),
	(2025, 'LA MERCED SUR', 1, 30),
	(2026, 'LA MERCED SUR SAN IGNACIO', 1, 30),
	(2027, 'LA PICOTA', 1, 30),
	(2028, 'LA PLAYA', 1, 30),
	(2029, 'LA PROVIDENCIA MEDIA', 1, 30),
	(2030, 'LOS CHIRCALES', 1, 30),
	(2031, 'LOS MOLINOS', 1, 30),
	(2032, 'MARCO FIDEL SUAREZ', 1, 30),
	(2033, 'MARRUECOS', 1, 30),
	(2034, 'MIRADOR DE MARROCOS', 1, 30),
	(2035, 'MIRADOR LOS MOLINOS II SECTOR', 1, 30),
	(2036, 'MOLINOS DEL SUR', 1, 30),
	(2037, 'NUEVO PENSILVANIA SUR', 1, 30),
	(2038, 'PLAYON LA PLAYITA III', 1, 30),
	(2039, 'PRADERA SUR', 1, 30),
	(2040, 'PRINCIPE DE BOCHICA', 1, 30),
	(2041, 'PUENTE DE SAN BERNADO', 1, 30),
	(2042, 'PUERTO RICO', 1, 30),
	(2043, 'SOCORRO III SECTOR', 1, 30),
	(2044, 'VILLA DEL SOL', 1, 30),
	(2045, 'VILLA GLADYS', 1, 30),
	(2046, 'VILLA MORALES', 1, 30),
	(2047, 'VILLAS  DEL RECUERDO', 1, 30),
	(2048, 'ANTONIO MORALES II', 1, 30),
	(2049, 'BUENOS.AIRES LA ESP.PARC. LA FISC', 1, 30),
	(2050, 'DIANA TURBAY', 1, 30),
	(2051, 'DIANA TURBAY ARRAYANES', 1, 30),
	(2052, 'DIANA TURBAY CULTIVOS', 1, 30),
	(2053, 'EL BOSQUE DE LOS MOLINOS (SAN JUSTIN', 1, 30),
	(2054, 'EL PORTAL', 1, 30),
	(2055, 'EL PORTAL II SECTOR', 1, 30),
	(2056, 'LA ESPERANZA ALTA', 1, 30),
	(2057, 'LA MARQUEZA', 1, 30),
	(2058, 'LA PAZ', 1, 30),
	(2059, 'LA PAZ  ( EL CEBADAL)', 1, 30),
	(2060, 'LA PICOTA ORIENTAL', 1, 30),
	(2061, 'LA RECONQUISTA', 1, 30),
	(2062, 'LA RECONQUISTA  (VILLA ESTHER)', 1, 30),
	(2063, 'LOS ARRAYANES II', 1, 30),
	(2064, 'LOS PUENTES', 1, 30),
	(2065, 'PALERMO SUR', 1, 30),
	(2066, 'PALERMO SUR  - BRISAS', 1, 30),
	(2067, 'PALERMO SUR ( EL TRIANGULO)', 1, 30),
	(2068, 'PALERMO SUR LOS ARRAYANES', 1, 30),
	(2069, 'PALERMO SUR OSWALDO GOMEZ', 1, 30),
	(2070, 'PALERMO SUR SAN MARCOS', 1, 30),
	(2071, 'PALERMO SUR SANA FONSECA', 1, 30),
	(2072, 'SAN AGUSTIN', 1, 30),
	(2073, 'SAN AGUSTIN II SECTOR', 1, 30),
	(2074, 'SERRANIA - SECTOR CULTIVOS', 1, 30),
	(2075, 'CENTRAL DE MEZCLAS', 1, 23),
	(2076, 'LAS MANAS', 1, 23),
	(2077, 'MOCHUELO ORIENTAL', 1, 23),
	(2078, 'VEREDA EL PEDREGAL - LA LIRA', 1, 23),
	(2079, 'VILLA JAQUI', 1, 23),
	(2080, 'BARRANQUITOS', 1, 23),
	(2081, 'BRAZUELOS SANTO DOMINGO', 1, 23),
	(2082, 'ESMERALDA', 1, 23),
	(2083, 'LAGUNITAS', 1, 23),
	(2084, 'PATICOS', 1, 23),
	(2085, 'EL MOCHUELO II', 1, 23),
	(2086, 'URBANIZACION GUAITIQUIA', 1, 23),
	(2087, 'ARBORIZADORA BAJA', 1, 23),
	(2088, 'ATLANTA', 1, 23),
	(2089, 'CORUÑA', 1, 23),
	(2090, 'EL CHIRCAL SUR', 1, 23),
	(2091, 'EL ESQUINERO', 1, 23),
	(2092, 'LA PLAYA', 1, 23),
	(2093, 'LA PLAYA II', 1, 23),
	(2094, 'MADELENA', 1, 23),
	(2095, 'RAFEL ESCAMILLA', 1, 23),
	(2096, 'SANTA HELENA', 1, 23),
	(2097, 'SANTA ROSA SUR', 1, 23),
	(2098, 'URBANIZACION PROTECHO BOGOTA', 1, 23),
	(2099, 'URBANIZACION ATLANTA', 1, 23),
	(2100, 'URBANIZACION CASA LARGA', 1, 23),
	(2101, 'URBANIZACION LA CORUÑA', 1, 23),
	(2102, 'VILLA HELENA', 1, 23),
	(2103, 'ACACIA III PARTE BAJA', 1, 23),
	(2104, 'ACACIAS SUR', 1, 23),
	(2105, 'CANDELARIA LA NUEVA', 1, 23),
	(2106, 'COLMENA', 1, 23),
	(2107, 'COLMENA III', 1, 23),
	(2108, 'GIBRALTAR I Y II', 1, 23),
	(2109, 'JUAN J. RONDON - LA CASONA', 1, 23),
	(2110, 'JUAN JOSE RONDON', 1, 23),
	(2111, 'LAS ACACIAS', 1, 23),
	(2112, 'MILLAN LOS SAUCES', 1, 23),
	(2113, 'PUERTA AL LLANO', 1, 23),
	(2114, 'SAN FERNANDO', 1, 23),
	(2115, 'SAN FRANCISCO', 1, 23),
	(2116, 'SAN LUIS', 1, 23),
	(2117, 'SANTA INES LA ACACIA', 1, 23),
	(2118, 'SAUCES - HORTALIZAS- RECUERDO', 1, 23),
	(2119, 'CANDELARIA LA NUEVA', 1, 23),
	(2120, 'VILLAS DE BOLIVAR', 1, 23),
	(2121, 'ACACIA IV', 1, 23),
	(2122, 'ALFA', 1, 23),
	(2123, 'ALTOS DE JALISCO', 1, 23),
	(2124, 'ALVARO BERNAL SEGURA', 1, 23),
	(2125, 'BELLA FLOR', 1, 23),
	(2126, 'BELLA FLOR SUR', 1, 23),
	(2127, 'BELLA VISTA LUCERO ALTO', 1, 23),
	(2128, 'BRISAS DEL VOLADOR', 1, 23),
	(2129, 'BUENAVISTA SECTOR A', 1, 23),
	(2130, 'CIUDAD MILAGROS', 1, 23),
	(2131, 'COMPARTIR', 1, 23),
	(2132, 'CORDILLERA SUR', 1, 23),
	(2133, 'DOMINGO LAIN I', 1, 23),
	(2134, 'DOMINGO LAIN II - EL BOSQUE', 1, 23),
	(2135, 'DOMINGO LAIN III', 1, 23),
	(2136, 'EL BOSQUE', 1, 23),
	(2137, 'EL CASTILLO', 1, 23),
	(2138, 'EL MIRADOR', 1, 23),
	(2139, 'EL PARAISO', 1, 23),
	(2140, 'EL SATELITE', 1, 23),
	(2141, 'EL TRIUNFO SUR', 1, 23),
	(2142, 'ESTRELLA DEL SUR', 1, 23),
	(2143, 'FLORIDA DEL SUR', 1, 23),
	(2144, 'GIBRALTAR SUR', 1, 23),
	(2145, 'GIBRALTAR I Y II', 1, 23),
	(2146, 'JUAN PABLO II', 1, 23),
	(2147, 'LA ALAMEDA', 1, 23),
	(2148, 'LA ALAMEDA II SECTOR', 1, 23),
	(2149, 'LA CABAÑA', 1, 23),
	(2150, 'LA ESCALA III', 1, 23),
	(2151, 'LA ESMERALDA SUR', 1, 23),
	(2152, 'LA ESTRELLA SECTOR LAGOS', 1, 23),
	(2153, 'LA TORRE', 1, 23),
	(2154, 'LAS DELICIAS DEL SUR', 1, 23),
	(2155, 'LAS MANITAS', 1, 23),
	(2156, 'LAS MANITAS II SECTOR', 1, 23),
	(2157, 'LOS ALPES', 1, 23),
	(2158, 'LOS ANDES SECTOR 5 NUTIBARA', 1, 23),
	(2159, 'LUCERO ALTO', 1, 23),
	(2160, 'LUCERO BAJO CORPORACION SAN ISIDRO', 1, 23),
	(2161, 'LUCERO BAJO SECT.  LA CONQUISTA', 1, 23),
	(2162, 'LUCERO MEDIO', 1, 23),
	(2163, 'LUCERO SUR BAJO', 1, 23),
	(2164, 'MARANDU', 1, 23),
	(2165, 'MEISSEN', 1, 23),
	(2166, 'ACAPULCO I', 1, 23),
	(2167, 'ARABIA', 1, 23),
	(2168, 'BOGOTA SECTOR TEQUENDAMA', 1, 23),
	(2169, 'BOGOTA SUR- LA ESPERANZA', 1, 23),
	(2170, 'BUENOS AIRES', 1, 23),
	(2171, 'BUENOS AIRES II', 1, 23),
	(2172, 'BUENOS AIRES III SECTOR', 1, 23),
	(2173, 'CASA DE TEJA', 1, 23),
	(2174, 'CEDRITOS DEL SUR', 1, 23),
	(2175, 'DIVINO NIÑO', 1, 23),
	(2176, 'EL CONSUELO', 1, 23),
	(2177, 'EL MINUTO DE MARIA', 1, 23),
	(2178, 'EL MOCHUELO', 1, 23),
	(2179, 'EL RECUERDO SUR', 1, 23),
	(2180, 'EL REFLEJO II', 1, 23),
	(2181, 'EL TESORITO', 1, 23),
	(2182, 'EL TESORO', 1, 23),
	(2183, 'ELTRIGAL', 1, 23),
	(2184, 'FLORIDA SUR ALTO', 1, 23),
	(2185, 'INES ELVIRA', 1, 23),
	(2186, 'LA CUMBRE (Antes El Recuerdo Sur)', 1, 23),
	(2187, 'LOS DUQUES', 1, 23),
	(2188, 'MINUTO DE MARIA', 1, 23),
	(2189, 'MONTERREY', 1, 23),
	(2190, 'OCHO DE DICIEMBRE', 1, 23),
	(2191, 'PARCELACION BOGOTA', 1, 23),
	(2192, 'POTRERITOS', 1, 23),
	(2193, 'QUIBA', 1, 23),
	(2194, 'QUIBA URBANO', 1, 23),
	(2195, 'REPUBLICA DE VENEZUELA', 1, 23),
	(2196, 'REPUBLICA DEL CANADA', 1, 23),
	(2197, 'RINCON DEL DIAMANTE', 1, 23),
	(2198, 'SAN JOAQUIN EL VATICANO', 1, 23),
	(2199, 'SAN JOAQUIN VATICANO-GALPON', 1, 23),
	(2200, 'SAN JOAQUIN VATICANO-VERGEL', 1, 23),
	(2201, 'SAN RAFAEL SUR', 1, 23),
	(2202, 'SOTAVENTO', 1, 23),
	(2203, 'URBANIZACION BUENA VISTA', 1, 23),
	(2204, 'URBANIZACION CERROS DEL SUR', 1, 23),
	(2205, 'URBANIZACION CHICALA', 1, 23),
	(2206, 'URBANIZACION EL LIMONAR', 1, 23),
	(2207, 'URBANIZACION MIRADOR DE SAN CARLOS', 1, 23),
	(2208, 'URBANIZACION URAPANES DEL SUR', 1, 23),
	(2209, 'VILLA DIANA LOPEZ', 1, 23),
	(2210, 'VILLAS DE SAN JOAQUIN', 1, 23),
	(2211, 'BELLA ESTANCIA', 1, 23),
	(2212, 'BARLOVENTO', 1, 23),
	(2213, 'BONANZA SUR', 1, 23),
	(2214, 'CARACOLI', 1, 23),
	(2215, 'CASA LOMA II', 1, 23),
	(2216, 'CASAGRANDE', 1, 23),
	(2217, 'CASALOMA', 1, 23),
	(2218, 'CASAVIANCA', 1, 23),
	(2219, 'CONJUNTO RESIDENCIAL LA VALVANERA', 1, 23),
	(2220, 'COOPERATIVA ISMAEL PERDOMO', 1, 23),
	(2221, 'EL CERRO DEL DIAMANTE', 1, 23),
	(2222, 'EL ENSUEÑO', 1, 23),
	(2223, 'EL PEÑON DEL CORTIJO', 1, 23),
	(2224, 'EL PORVENIR DE LA ESTANCIA', 1, 23),
	(2225, 'EL PORVENIR II ETAPA', 1, 23),
	(2226, 'EL PORVENIR ZONA C', 1, 23),
	(2227, 'EL RINCON DEL PORVENIR', 1, 23),
	(2228, 'EL ROSAL', 1, 23),
	(2229, 'ESPINOS I', 1, 23),
	(2230, 'ESPINOS III SECTOR', 1, 23),
	(2231, 'GALICIA', 1, 23),
	(2232, 'ISMAEL PERDOMO', 1, 23),
	(2233, 'LA CARBONERA', 1, 23),
	(2234, 'LA CARBONERA II', 1, 23),
	(2235, 'LA ESTANCIA', 1, 23),
	(2236, 'LA PRIMAVERA', 1, 23),
	(2237, 'LA UNION - DIVINO NIÑO', 1, 23),
	(2238, 'LOS TRES REYES - I ETAPA', 1, 23),
	(2239, 'MARIA CANO', 1, 23),
	(2240, 'MIRADOR DE LA ESTANCIA', 1, 23),
	(2241, 'MIRADOR DE LA PRIMAVERA', 1, 23),
	(2242, 'PEÑON DEL CORTIJO III SECTOR', 1, 23),
	(2243, 'PERDOMO ALTO', 1, 23),
	(2244, 'PRIMAVERA SUR-OCC.', 1, 23),
	(2245, 'PROYECTO RAFAEL ESCAMILLA', 1, 23),
	(2246, 'RINCON DE GALICIA', 1, 23),
	(2247, 'RINCON DE LA ESTANCIA', 1, 23),
	(2248, 'RINCON DE LA VALVANERA', 1, 23),
	(2249, 'SAN ANTONIO DEL MIRADOR', 1, 23),
	(2250, 'SAN ISIDRO', 1, 23),
	(2251, 'SAN ISIDRO II', 1, 23),
	(2252, 'SAN ISIDRO SECTOR CARBONERAS', 1, 23),
	(2253, 'SAN ISIDRO SECTOR CERRITO I', 1, 23),
	(2254, 'SAN ISIDRO SECTOR CERRITO II', 1, 23),
	(2255, 'SAN ISIDRO SECTOR CERRITO III', 1, 23),
	(2256, 'SAN RAFAEL DEL ALTO DE LA ESTANCIA', 1, 23),
	(2257, 'SANTA VIVIANA', 1, 23),
	(2258, 'SANTA VIVIANA - SECT.VISTA HERMOSA', 1, 23),
	(2259, 'SANTO DOMINGO', 1, 23),
	(2260, 'SIERRA MORENA', 1, 23),
	(2261, 'TRES REYES II SECTOR', 1, 23),
	(2262, 'URB. BALMORAL RINCON DE LA VALVANERA', 1, 23),
	(2263, 'MEXICO', 1, 23),
	(2264, 'MIRADOR NUTIBARA', 1, 23),
	(2265, 'NACIONES UNIDAS - CHAPARRO', 1, 23),
	(2266, 'NACIONES UNIDAS - STA ROSA', 1, 23),
	(2267, 'NUEVA COLOMBIA', 1, 23),
	(2268, 'ROCIO ALTOS DEL SUR', 1, 23),
	(2269, 'SAN LUIS ALTOS DE JALISCO', 1, 23),
	(2270, 'TABOR-ALTALOMA', 1, 23),
	(2271, 'TIERRA LINDA', 1, 23),
	(2272, 'URBANIZACION COMPARTIR', 1, 23),
	(2273, 'URBANIZACION EL PRECISO', 1, 23),
	(2274, 'URBANIZACION KALAMARY', 1, 23),
	(2275, 'URBANIZACION LA ALAMEDA', 1, 23),
	(2276, 'URBANIZACION LA ESCALA', 1, 23),
	(2277, 'URBANIZACION LAS QUINTAS DEL SUR', 1, 23),
	(2278, 'URBANIZCION LA SERRANIA DEL SUR', 1, 23),
	(2279, 'VILLA GLORIA', 1, 23),
	(2280, 'VILLA GLORIA-LAS MANITAS', 1, 23),
	(2281, 'VILLAS DEL DIAMANTE', 1, 23),
	(2282, 'VILLAS DEL PROGRESO', 1, 23),
	(2283, 'VISTA HERMOSA', 1, 23),
	(2284, 'VISTA HERMOSA MZ.77A', 1, 23),
	(2285, 'VISTA HERMOSA SECTOR CAPRI', 1, 23),
	(2286, 'VISTA HERMOSA SECTOR SAN CARLOS Y EL TRIANGUL', 1, 23),
	(2287, 'URB. EL ARROYUELO-PREDIO EL ALMACEN', 1, 23),
	(2288, 'URB. EL ENSUEÑO', 1, 23),
	(2289, 'URB. RINCON DE LA VALVANERA MZ.7', 1, 23),
	(2290, 'URBANIZACION BALMORAL II', 1, 23),
	(2291, 'URBANIZACION BARLOVENTO', 1, 23),
	(2292, 'URBANIZACION CALABRIA', 1, 23),
	(2293, 'URBANIZACION GALICIA', 1, 23),
	(2294, 'URBANIZACION INDIA CATALINA', 1, 23),
	(2295, 'URBANIZACION LA ESTANCIA', 1, 23),
	(2296, 'URBANIZACION LA LLANADA', 1, 23),
	(2297, 'URBANIZACION LA RIVIERA DEL SUR', 1, 23),
	(2298, 'URBANIZACION LAS HUERTAS', 1, 23),
	(2299, 'URBANIZACION PEÑON DEL CORTIJO', 1, 23),
	(2300, 'ARBORIZADORA ALTA', 1, 23),
	(2301, 'BELLAVISTA', 1, 23),
	(2302, 'EMPRESA COMUNITARIA MANUELA BELTRAN', 1, 23),
	(2303, 'FLORIDA SUR ALTO', 1, 23),
	(2304, 'JERUSALEN', 1, 23),
	(2305, 'JERUSALEN SECTOR BELLAVISTA - LA Y', 1, 23),
	(2306, 'JERUSALEN SECTOR EL PLAN', 1, 23),
	(2307, 'JERUSALEN SECTOR LA ISLA', 1, 23),
	(2308, 'JERUSALEN SECTOR LAS BRISAS', 1, 23),
	(2309, 'JERUSALEN SECTOR MEDIA LOMA', 1, 23),
	(2310, 'JERUSALEN SECTOR NUEVA ARGENTINA', 1, 23),
	(2311, 'JERUSALEN SECTOR PARAISO', 1, 23),
	(2312, 'JERUSALEN SECTOR PLAN CANTERAS', 1, 23),
	(2313, 'JERUSALEN SECTOR POTOSI', 1, 23),
	(2314, 'JERUSALEN SECTOR PRADERA - LA ESPERANZA', 1, 23),
	(2315, 'JERUSALEN SECTOR SANTA ROSITA - LAS VEGAS', 1, 23),
	(2316, 'JERUSALEN SECTOR TANQUE LAGUNA', 1, 23),
	(2317, 'LA PRADERA', 1, 23),
	(2318, 'LAS BRISAS', 1, 23),
	(2319, 'LAS VEGAS DE POTOSI', 1, 23),
	(2320, 'POTOSI', 1, 23),
	(2321, 'URB. BOSQUES DE CANDELARIA', 1, 23),
	(2322, 'URB. CANDELARIA LA NUEVA II SECTOR', 1, 23),
	(2323, 'URBANIZACION LA MILAGROSA', 1, 23),
	(2324, 'VERONA', 1, 23),
	(2325, 'VILLA CANDELARIA ANTES SAN SIMON I', 1, 23),
	(2326, 'VILLAS DE BOLIVAR', 1, 23),
	(2327, 'MEDELLIN', 1, 14),
	(2328, 'CALI', 1, 15),
	(2329, 'BUCARAMANGA', 1, 16),
	(2330, 'FUNZA', 1, 39),
	(2331, 'CAJICA', 1, 40),
	(2332, 'SOACHA', 1, 41),
	(2333, 'MOSQUERA', 1, 42),
	(2334, 'LA CALERA', 1, 43),
	(2335, 'ZIPAQUIRA', 1, 44),
	(2336, 'MADRID', 1, 45),
	(2337, 'COTA', 1, 46),
	(2338, 'TOCANCIPA', 1, 47),
	(2339, 'CARTAGENITA', 1, 48),
	(2340, 'CHIA', 1, 49),
	(2341, 'SOPO', 1, 50),
	(2342, 'FACATATIVA', 1, 51),
	(2343, 'RINCON DE LOS ANGELES', 1, 26),
	(2344, 'ITAGUI', 1, 14),
	(2345, 'BELLO', 1, 14),
	(2346, 'CALDAS', 1, 14),
	(2347, 'COPACABANA', 1, 14),
	(2348, 'LA ESTRELLA', 1, 14),
	(2349, 'SABANETA', 1, 14),
	(2350, 'ENVIGADO', 1, 14),
	(2351, 'GIRARDOT', 1, 14),
	(2352, 'PALMIRA', 1, 15),
	(2353, 'JUMBO', 1, 15),
	(2354, 'JAMUNDI', 1, 15),
	(2355, 'FORIDABLANCA', 1, 16),
	(2356, 'GIRON', 1, 16),
	(2357, 'PIE DE CUESTA', 1, 16),
	(2358, 'LEBRIJA', 1, 16),
	(2359, 'RIO NEGRO', 1, 14),
	(2360, 'SIBERIA', 1, 52),
	(2361, 'GUARNE', 1, 14),
	(2362, 'BARRANQUILLA', 1, 53),
	(2365, 'SOLEDAD', 1, 53),
	(2366, 'PUERTO COLOMBIA', 1, 53),
	(2367, 'GALAPA', 1, 53),
	(2368, 'MALAMBO', 1, 53),
	(2369, 'EL CHANGO', 1, 25),
	(2370, 'ZONA NORTE', 1, 3),
	(2371, 'ZONA SUR', 1, 8),
	(2372, 'CAJAMARCA', 1, 55),
	(2373, 'ROVIRA', 1, 55),
	(2374, 'SALITRE', 1, 55),
	(2375, 'CHICORAL', 1, 55),
	(2376, 'ESPINAL', 1, 55),
	(2377, 'IBAGUE', 1, 55),
	(2378, 'ALVARADO', 1, 55),
	(2379, 'VENADILLO', 1, 55),
	(2380, 'COELLO', 1, 55),
	(2381, 'PIEDRAS', 1, 55),
	(2382, 'TUNJA', 1, 56),
	(2383, 'VENTAQUEMADA', 1, 56),
	(2384, 'SAMACA', 1, 56),
	(2385, 'CUCAITA', 1, 56),
	(2386, 'SORA', 1, 56),
	(2387, 'CHIQUIZA', 1, 56),
	(2388, 'MOTAVITA', 1, 56),
	(2389, 'COMBITA', 1, 56),
	(2390, 'SOTAQUIRA', 1, 56),
	(2391, 'TUTA', 1, 56),
	(2392, 'TOCA', 1, 56),
	(2393, 'SIACHOQUE', 1, 56),
	(2394, 'SORACA', 1, 56),
	(2395, 'CHIVATA', 1, 56),
	(2396, 'OICATA', 1, 56),
	(2397, 'DUITAMA', 1, 56),
	(2398, 'SOGAMOSO', 1, 56),
	(2399, 'VILLAVICENCIO', 1, 57),
	(2400, 'ACACIAS', 1, 57),
	(2401, 'GUAMAL', 1, 57),
	(2402, 'RESTREPO', 1, 57),
	(2403, 'CUMARAL', 1, 57),
	(2404, 'PEREIRA', 1, 62),
	(2405, 'DOS QUEBRADAS', 1, 62),
	(2406, 'LA VIRGINIA', 1, 62),
	(2407, 'ARMENIA', 1, 62),
	(2408, 'CALARCA', 1, 62),
	(2409, 'CIRCASIA', 1, 62),
	(2410, 'LA TEBAIDA', 1, 62),
	(2411, 'MONTENEGRO', 1, 62),
	(2412, 'SALENTO', 1, 62),
	(2413, 'MANIZALES', 1, 62),
	(2414, 'NEIRA', 1, 62),
	(2415, 'CHINCHINA', 1, 62),
	(2416, 'VILLAMARIA', 1, 62),
	(2417, 'PALESTINA', 1, 62),
	(2418, 'NEIVA', 1, 61),
	(2419, 'CAMPO ALEGRE', 1, 61),
	(2420, 'PALERMO', 1, 61),
	(2421, 'AIPE', 1, 61),
	(2422, 'RIVERA', 1, 61),
	(2423, 'TELLO', 1, 61),
	(2424, 'BARAYA', 1, 61),
	(2425, 'VILLA VIEJA', 1, 61),
	(2426, 'SANTA ROSA', 1, 62),
	(2427, 'ARABIA', 1, 62),
	(2428, 'OBREROS', 1, 56),
	(2429, 'CARTAGENA', 1, 53),
	(2430, 'SANTA MARTA', 1, 53),
	(2431, 'PASTO', 1, 63),
	(2432, 'VILLA MORENO', 1, 63),
	(2433, 'BUESACO', 1, 63),
	(2434, 'VILLA MARIA', 1, 63),
	(2435, 'GENOY', 1, 63),
	(2436, 'NARIÑO', 1, 63),
	(2437, 'LA FLORIDA', 1, 63),
	(2438, 'SANDONA', 1, 63),
	(2439, 'CATAMBUCO', 1, 63),
	(2440, 'TANGUA', 1, 63),
	(2441, 'CATAMBUCO', 1, 63),
	(2442, 'YACUANQUER', 1, 63),
	(2443, 'CONSACA', 1, 63),
	(2444, 'SAN FERNANDO', 1, 63),
	(2445, 'LA LAGUNA', 1, 63),
	(2446, 'EL ENCANO', 1, 63),
	(2447, 'CHACHAGUI', 1, 63),
	(2448, 'YA-GUARA', 1, 61),
	(2449, 'VILLAS DE ALCALA', 1, 24),
	(2450, 'MONTERIA', 1, 64),
	(2451, 'VALLEDUPAR', 1, 65),
	(2452, 'CERETE MONTERIA', 1, 64),
	(2453, 'CIENAGA DE ORO MONTERIA', 1, 64),
	(2454, 'SAN PELAYO MONTERIA', 1, 64),
	(2455, 'LORICA MONTERIA', 1, 64),
	(2456, 'SAN CAROLOS MONTERIA', 1, 64),
	(2457, 'PLANETA RICA MONTERIA', 1, 64),
	(2458, 'MARIQUITA', 1, 55),
	(2459, 'HONDA', 1, 55),
	(2460, 'LA DORADA', 1, 55),
	(2461, 'PUERTO SALGAR', 1, 55),
	(2462, 'SINCELEJO', 1, 66),
	(2463, 'pruebas', 1, 26);
/*!40000 ALTER TABLE `barrio` ENABLE KEYS */;

-- Volcando estructura para tabla gestiongopass.campana
CREATE TABLE IF NOT EXISTS `campana` (
  `campanaId` int(11) NOT NULL AUTO_INCREMENT,
  `nombre` varchar(45) NOT NULL,
  `fechaCreacion` datetime DEFAULT NULL,
  `estado` tinyint(1) NOT NULL,
  PRIMARY KEY (`campanaId`)
) ENGINE=InnoDB AUTO_INCREMENT=4 DEFAULT CHARSET=latin1;

-- Volcando datos para la tabla gestiongopass.campana: ~2 rows (aproximadamente)
#DELETE FROM `campana`;
/*!40000 ALTER TABLE `campana` DISABLE KEYS */;
INSERT INTO `campana` (`campanaId`, `nombre`, `fechaCreacion`, `estado`) VALUES
	(1, 'gestion', '2021-09-08 00:00:00', 1),
	(2, 'postventa', '2021-09-08 00:00:00', 1),
	(3, 'fidelizacion', '2021-09-08 00:00:00', 1);
/*!40000 ALTER TABLE `campana` ENABLE KEYS */;

-- Volcando estructura para tabla gestiongopass.campana_rol
CREATE TABLE IF NOT EXISTS `campana_rol` (
  `rolId` int(11) NOT NULL,
  `campanaId` int(11) NOT NULL,
  PRIMARY KEY (`campanaId`,`rolId`),
  KEY `rolId` (`rolId`),
  CONSTRAINT `campana_rol_ibfk_1` FOREIGN KEY (`rolId`) REFERENCES `rol` (`rolId`) ON DELETE CASCADE ON UPDATE CASCADE,
  CONSTRAINT `campana_rol_ibfk_2` FOREIGN KEY (`campanaId`) REFERENCES `campana` (`campanaId`) ON DELETE CASCADE ON UPDATE CASCADE
) ENGINE=InnoDB DEFAULT CHARSET=latin1;

-- Volcando datos para la tabla gestiongopass.campana_rol: ~7 rows (aproximadamente)
#DELETE FROM `campana_rol`;
/*!40000 ALTER TABLE `campana_rol` DISABLE KEYS */;
INSERT INTO `campana_rol` (`rolId`, `campanaId`) VALUES
	(3, 1),
	(4, 1),
	(5, 1),
	(3, 2),
	(4, 2),
	(3, 3),
	(4, 3);
/*!40000 ALTER TABLE `campana_rol` ENABLE KEYS */;

-- Volcando estructura para tabla gestiongopass.campana_tipificacion
CREATE TABLE IF NOT EXISTS `campana_tipificacion` (
  `tipificacionId` int(11) NOT NULL,
  `campanaId` int(11) NOT NULL,
  PRIMARY KEY (`tipificacionId`,`campanaId`),
  KEY `campanaId` (`campanaId`),
  CONSTRAINT `campana_tipificacion_ibfk_1` FOREIGN KEY (`tipificacionId`) REFERENCES `tipificacion` (`tipificacionId`) ON DELETE CASCADE ON UPDATE CASCADE,
  CONSTRAINT `campana_tipificacion_ibfk_2` FOREIGN KEY (`campanaId`) REFERENCES `campana` (`campanaId`) ON DELETE CASCADE ON UPDATE CASCADE
) ENGINE=InnoDB DEFAULT CHARSET=latin1;

-- Volcando datos para la tabla gestiongopass.campana_tipificacion: ~11 rows (aproximadamente)
#DELETE FROM `campana_tipificacion`;
/*!40000 ALTER TABLE `campana_tipificacion` DISABLE KEYS */;
INSERT INTO `campana_tipificacion` (`tipificacionId`, `campanaId`) VALUES
	(200, 2),
	(200, 3),
	(215, 1),
	(216, 1),
	(216, 2),
	(216, 3),
	(217, 1),
	(217, 2),
	(217, 3),
	(218, 1),
	(219, 1);
/*!40000 ALTER TABLE `campana_tipificacion` ENABLE KEYS */;

-- Volcando estructura para tabla gestiongopass.ciudad
CREATE TABLE IF NOT EXISTS `ciudad` (
  `ciudadId` int(11) NOT NULL AUTO_INCREMENT,
  `nombre` varchar(45) NOT NULL,
  `estado` tinyint(1) NOT NULL,
  `departamentoId` int(11) NOT NULL,
  PRIMARY KEY (`ciudadId`),
  KEY `departamentoId` (`departamentoId`),
  CONSTRAINT `ciudad_ibfk_1` FOREIGN KEY (`departamentoId`) REFERENCES `departamento` (`departamentoId`) ON DELETE CASCADE ON UPDATE CASCADE
) ENGINE=InnoDB AUTO_INCREMENT=1132 DEFAULT CHARSET=latin1;

-- Volcando datos para la tabla gestiongopass.ciudad: ~1.127 rows (aproximadamente)
#DELETE FROM `ciudad`;
/*!40000 ALTER TABLE `ciudad` DISABLE KEYS */;
INSERT INTO `ciudad` (`ciudadId`, `nombre`, `estado`, `departamentoId`) VALUES
	(1, 'BOGOTA', 1, 56),
	(2, 'MEDELLIN', 1, 2),
	(3, 'CALI', 1, 53),
	(4, 'BUCARAMANGA', 1, 50),
	(5, 'BARRANQUILLA', 1, 4),
	(6, 'LETICIA', 1, 1),
	(7, 'ARAUCA', 1, 3),
	(8, 'CARTAGENA', 1, 6),
	(9, 'TUNJA', 1, 7),
	(10, 'MANIZALES', 1, 8),
	(11, 'FLORENCIA - CAQUETA', 1, 9),
	(12, 'YOPAL', 1, 33),
	(13, 'POPAYAN', 1, 34),
	(14, 'VALLEDUPAR', 1, 35),
	(15, 'QUIBDO', 1, 36),
	(16, 'MONTERIA', 1, 37),
	(17, 'INIRIDA', 1, 38),
	(18, 'SAN JOSE DEL GUAVIARE', 1, 39),
	(19, 'NEIVA', 1, 40),
	(20, 'RIOHACHA', 1, 41),
	(21, 'SANTA MARTA', 1, 42),
	(22, 'VILLAVICENCIO', 1, 43),
	(23, 'PASTO', 1, 44),
	(24, 'CUCUTA', 1, 45),
	(25, 'MOCOA', 1, 46),
	(26, 'ARMENIA - QUINDIO', 1, 47),
	(27, 'PEREIRA', 1, 48),
	(28, 'SAN ANDRES - SAN ANDRES', 1, 49),
	(29, 'SINCELEJO', 1, 51),
	(30, 'IBAGUE', 1, 52),
	(31, 'MITU', 1, 54),
	(32, 'PUERTO CARREÑO', 1, 55),
	(36, 'ITAGUI', 1, 2),
	(37, 'RIONEGRO - ANTIOQUIA', 1, 2),
	(38, 'GIRON', 1, 50),
	(40, 'APARTADO', 1, 2),
	(41, 'OCAÑA', 1, 45),
	(42, 'BARRANCABERMEJA', 1, 50),
	(43, 'SAN GIL', 1, 50),
	(44, 'BARBOSA - SANTANDER', 1, 50),
	(45, 'DUITAMA', 1, 7),
	(46, 'SOGAMOSO', 1, 7),
	(47, 'LA DORADA', 1, 8),
	(48, 'GIRARDOT', 1, 42),
	(49, 'EJE CAFETERO', 1, 8),
	(50, 'SOACHA', 1, 56),
	(51, 'ABEJORRAL', 1, 2),
	(52, 'ABRIAQUI', 1, 2),
	(53, 'ALEJANDRIA', 1, 2),
	(54, 'AMAGA', 1, 2),
	(55, 'AMALFI', 1, 2),
	(56, 'ANDES', 1, 2),
	(57, 'ANGELOPOLIS', 1, 2),
	(58, 'ANGOSTURA', 1, 2),
	(59, 'ANORI', 1, 2),
	(60, 'SANTAFE DE ANTIOQUIA', 1, 2),
	(61, 'ANZA', 1, 2),
	(62, 'ARBOLETES', 1, 2),
	(63, 'ARGELIA - ANTIOQUIA', 1, 2),
	(64, 'ARMENIA - ANTIOQUIA', 1, 2),
	(65, 'BARBOSA - ANTIOQUIA', 1, 2),
	(66, 'BELMIRA', 1, 2),
	(67, 'BELLO', 1, 2),
	(68, 'BETANIA', 1, 2),
	(69, 'BETULIA - ANTIOQUIA', 1, 2),
	(70, 'CIUDAD BOLIVAR', 1, 2),
	(71, 'BRICEÑO - ANTIOQUIA', 1, 2),
	(72, 'BURITICA', 1, 2),
	(73, 'CACERES', 1, 2),
	(74, 'CAICEDO', 1, 2),
	(75, 'CALDAS - ANTIOQUIA', 1, 2),
	(76, 'CAMPAMENTO', 1, 2),
	(77, 'CAÑASGORDAS', 1, 2),
	(78, 'CARACOLI', 1, 2),
	(79, 'CARAMANTA', 1, 2),
	(80, 'CAREPA', 1, 2),
	(81, 'EL CARMEN DE VIBORAL', 1, 2),
	(82, 'CAROLINA', 1, 2),
	(83, 'CAUCASIA', 1, 2),
	(84, 'CHIGORODO', 1, 2),
	(85, 'CISNEROS', 1, 2),
	(86, 'COCORNA', 1, 2),
	(87, 'CONCEPCION - ANTIOQUIA', 1, 2),
	(88, 'CONCORDIA - ANTIOQUIA', 1, 2),
	(89, 'COPACABANA', 1, 2),
	(90, 'DABEIBA', 1, 2),
	(91, 'DON MATIAS', 1, 2),
	(92, 'EBEJICO', 1, 2),
	(93, 'EL BAGRE', 1, 2),
	(94, 'ENTRERRIOS', 1, 2),
	(95, 'ENVIGADO', 1, 2),
	(96, 'FREDONIA', 1, 2),
	(97, 'FRONTINO', 1, 2),
	(98, 'GIRALDO', 1, 2),
	(99, 'GIRARDOTA', 1, 2),
	(100, 'GOMEZ PLATA', 1, 2),
	(101, 'GRANADA - ANTIOQUIA', 1, 2),
	(102, 'GUADALUPE - ANTIOQUIA', 1, 2),
	(103, 'GUARNE', 1, 2),
	(104, 'GUATAPE', 1, 2),
	(105, 'HELICONIA', 1, 2),
	(106, 'HISPANIA', 1, 2),
	(107, 'ITUANGO', 1, 2),
	(108, 'JARDIN', 1, 2),
	(109, 'JERICO - ANTIOQUIA', 1, 2),
	(110, 'LA CEJA', 1, 2),
	(111, 'LA ESTRELLA', 1, 2),
	(112, 'LA PINTADA', 1, 2),
	(113, 'LA UNION - ANTIOQUIA', 1, 2),
	(114, 'LIBORINA', 1, 2),
	(115, 'MACEO', 1, 2),
	(116, 'MARINILLA', 1, 2),
	(117, 'MONTEBELLO', 1, 2),
	(118, 'MURINDO', 1, 2),
	(119, 'MUTATA', 1, 2),
	(120, 'NARIÑO - ANTIOQUIA', 1, 2),
	(121, 'NECOCLI', 1, 2),
	(122, 'NECHI', 1, 2),
	(123, 'OLAYA', 1, 2),
	(124, 'PEÑOL', 1, 2),
	(125, 'PEQUE', 1, 2),
	(126, 'PUEBLORRICO', 1, 2),
	(127, 'PUERTO BERRIO', 1, 2),
	(128, 'PUERTO NARE', 1, 2),
	(129, 'PUERTO TRIUNFO', 1, 2),
	(130, 'REMEDIOS', 1, 2),
	(131, 'RETIRO', 1, 2),
	(132, 'SABANALARGA - ANTIOQUIA', 1, 2),
	(133, 'SABANETA', 1, 2),
	(134, 'SALGAR', 1, 2),
	(135, 'SAN ANDRES DE CUERQUIA', 1, 2),
	(136, 'SAN CARLOS - ANTIOQUIA', 1, 2),
	(137, 'SAN FRANCISCO - ANTIOQUIA', 1, 2),
	(138, 'SAN JERONIMO', 1, 2),
	(139, 'SAN JOSE DE LA MONTAÑA', 1, 2),
	(140, 'SAN JUAN DE URABA', 1, 2),
	(141, 'SAN LUIS - ANTIOQUIA', 1, 2),
	(142, 'SAN PEDRO - ANTIOQUIA', 1, 2),
	(143, 'SAN PEDRO DE URABA', 1, 2),
	(144, 'SAN RAFAEL', 1, 2),
	(145, 'SAN ROQUE', 1, 2),
	(146, 'SAN VICENTE', 1, 2),
	(147, 'SANTA BARBARA - ANTIOQUIA', 1, 2),
	(148, 'SANTA ROSA DE OSOS', 1, 2),
	(149, 'SANTO DOMINGO', 1, 2),
	(150, 'EL SANTUARIO', 1, 2),
	(151, 'SEGOVIA', 1, 2),
	(152, 'SONSON', 1, 2),
	(153, 'SOPETRAN', 1, 2),
	(154, 'TAMESIS', 1, 2),
	(155, 'TARAZA', 1, 2),
	(156, 'TARSO', 1, 2),
	(157, 'TITIRIBI', 1, 2),
	(158, 'TOLEDO - ANTIOQUIA', 1, 2),
	(159, 'TURBO', 1, 2),
	(160, 'URAMITA', 1, 2),
	(161, 'URRAO', 1, 2),
	(162, 'VALDIVIA', 1, 2),
	(163, 'VALPARAISO - ANTIOQUIA', 1, 2),
	(164, 'VEGACHI', 1, 2),
	(165, 'VENECIA - ANTIOQUIA', 1, 2),
	(166, 'VIGIA DEL FUERTE', 1, 2),
	(167, 'YALI', 1, 2),
	(168, 'YARUMAL', 1, 2),
	(169, 'YOLOMBO', 1, 2),
	(170, 'YONDO', 1, 2),
	(171, 'ZARAGOZA', 1, 2),
	(172, 'BARANOA', 1, 4),
	(173, 'CAMPO DE LA CRUZ', 1, 4),
	(174, 'CANDELARIA - ATLANTICO', 1, 4),
	(175, 'GALAPA', 1, 4),
	(176, 'JUAN DE ACOSTA', 1, 4),
	(177, 'LURUACO', 1, 4),
	(178, 'MALAMBO', 1, 4),
	(179, 'MANATI', 1, 4),
	(180, 'PALMAR DE VARELA', 1, 4),
	(181, 'PIOJO', 1, 4),
	(182, 'POLONUEVO', 1, 4),
	(183, 'PONEDERA', 1, 4),
	(184, 'PUERTO COLOMBIA', 1, 4),
	(185, 'REPELON', 1, 4),
	(186, 'SABANAGRANDE', 1, 4),
	(187, 'SABANALARGA - ATLANTICO', 1, 4),
	(188, 'SANTA LUCIA', 1, 4),
	(189, 'SANTO TOMAS', 1, 4),
	(190, 'SOLEDAD', 1, 4),
	(191, 'SUAN', 1, 4),
	(192, 'TUBARA', 1, 4),
	(193, 'USIACURI', 1, 4),
	(194, 'ACHI', 1, 6),
	(195, 'ALTOS DEL ROSARIO', 1, 6),
	(196, 'ARENAL', 1, 6),
	(197, 'ARJONA', 1, 6),
	(198, 'ARROYOHONDO', 1, 6),
	(199, 'BARRANCO DE LOBA', 1, 6),
	(200, 'CALAMAR - BOLIVAR', 1, 6),
	(201, 'CANTAGALLO', 1, 6),
	(202, 'CICUCO', 1, 6),
	(203, 'CORDOBA - BOLIVAR', 1, 6),
	(204, 'CLEMENCIA', 1, 6),
	(205, 'EL CARMEN DE BOLIVAR', 1, 6),
	(206, 'EL GUAMO', 1, 6),
	(207, 'EL PEÑON - BOLIVAR', 1, 6),
	(208, 'HATILLO DE LOBA', 1, 6),
	(209, 'MAGANGUE', 1, 6),
	(210, 'MAHATES', 1, 6),
	(211, 'MARGARITA', 1, 6),
	(212, 'MARIA LA BAJA', 1, 6),
	(213, 'MONTECRISTO', 1, 6),
	(214, 'MOMPOS', 1, 6),
	(215, 'MORALES - BOLIVAR', 1, 6),
	(216, 'NOROSI', 1, 6),
	(217, 'PINILLOS', 1, 6),
	(218, 'REGIDOR', 1, 6),
	(219, 'RIO VIEJO', 1, 6),
	(220, 'SAN CRISTOBAL', 1, 6),
	(221, 'SAN ESTANISLAO', 1, 6),
	(222, 'SAN FERNANDO', 1, 6),
	(223, 'SAN JACINTO', 1, 6),
	(224, 'SAN JACINTO DEL CAUCA', 1, 6),
	(225, 'SAN JUAN NEPOMUCENO', 1, 6),
	(226, 'SAN MARTIN DE LOBA', 1, 6),
	(227, 'SAN PABLO - BOLIVAR', 1, 6),
	(228, 'SANTA CATALINA', 1, 6),
	(229, 'SANTA ROSA - BOLIVAR', 1, 6),
	(230, 'SANTA ROSA DEL SUR', 1, 6),
	(231, 'SIMITI', 1, 6),
	(232, 'SOPLAVIENTO', 1, 6),
	(233, 'TALAIGUA NUEVO', 1, 6),
	(234, 'TIQUISIO', 1, 6),
	(235, 'TURBACO', 1, 6),
	(236, 'TURBANA', 1, 6),
	(237, 'VILLANUEVA - BOLIVAR', 1, 6),
	(238, 'ZAMBRANO', 1, 6),
	(239, 'ALMEIDA', 1, 7),
	(240, 'AQUITANIA', 1, 7),
	(241, 'ARCABUCO', 1, 7),
	(242, 'BELEN - BOYACA', 1, 7),
	(243, 'BERBEO', 1, 7),
	(244, 'BETEITIVA', 1, 7),
	(245, 'BOAVITA', 1, 7),
	(246, 'BOYACA', 1, 7),
	(247, 'BRICEÑO - BOYACA', 1, 7),
	(248, 'BUENAVISTA - BOYACA', 1, 7),
	(249, 'BUSBANZA', 1, 7),
	(250, 'CALDAS - BOYACA', 1, 7),
	(251, 'CAMPOHERMOSO', 1, 7),
	(252, 'CERINZA', 1, 7),
	(253, 'CHINAVITA', 1, 7),
	(254, 'CHIQUINQUIRA', 1, 7),
	(255, 'CHISCAS', 1, 7),
	(256, 'CHITA', 1, 7),
	(257, 'CHITARAQUE', 1, 7),
	(258, 'CHIVATA', 1, 7),
	(259, 'CIENEGA', 1, 7),
	(260, 'COMBITA', 1, 7),
	(261, 'COPER', 1, 7),
	(262, 'CORRALES', 1, 7),
	(263, 'COVARACHIA', 1, 7),
	(264, 'CUBARA', 1, 7),
	(265, 'CUCAITA', 1, 7),
	(266, 'CUITIVA', 1, 7),
	(267, 'CHIQUIZA', 1, 7),
	(268, 'CHIVOR', 1, 7),
	(269, 'EL COCUY', 1, 7),
	(270, 'EL ESPINO', 1, 7),
	(271, 'FIRAVITOBA', 1, 7),
	(272, 'FLORESTA', 1, 7),
	(273, 'GACHANTIVA', 1, 7),
	(274, 'GAMEZA', 1, 7),
	(275, 'GARAGOA', 1, 7),
	(276, 'GUACAMAYAS', 1, 7),
	(277, 'GUATEQUE', 1, 7),
	(278, 'GUAYATA', 1, 7),
	(279, 'GÜICAN', 1, 7),
	(280, 'IZA', 1, 7),
	(281, 'JENESANO', 1, 7),
	(282, 'JERICO - BOYACA', 1, 7),
	(283, 'LABRANZAGRANDE', 1, 7),
	(284, 'LA CAPILLA', 1, 7),
	(285, 'LA VICTORIA - BOYACA', 1, 7),
	(286, 'LA UVITA', 1, 7),
	(287, 'VILLA DE LEYVA', 1, 7),
	(288, 'MACANAL', 1, 7),
	(289, 'MARIPI', 1, 7),
	(290, 'MIRAFLORES - BOYACA', 1, 7),
	(291, 'MONGUA', 1, 7),
	(292, 'MONGUI', 1, 7),
	(293, 'MONIQUIRA', 1, 7),
	(294, 'MOTAVITA', 1, 7),
	(295, 'MUZO', 1, 7),
	(296, 'NOBSA', 1, 7),
	(297, 'NUEVO COLON', 1, 7),
	(298, 'OICATA', 1, 7),
	(299, 'OTANCHE', 1, 7),
	(300, 'PACHAVITA', 1, 7),
	(301, 'PAEZ - BOYACA', 1, 7),
	(302, 'PAIPA', 1, 7),
	(303, 'PAJARITO', 1, 7),
	(304, 'PANQUEBA', 1, 7),
	(305, 'PAUNA', 1, 7),
	(306, 'PAYA', 1, 7),
	(307, 'PAZ DE RIO', 1, 7),
	(308, 'PESCA', 1, 7),
	(309, 'PISBA', 1, 7),
	(310, 'PUERTO BOYACA', 1, 7),
	(311, 'QUIPAMA', 1, 7),
	(312, 'RAMIRIQUI', 1, 7),
	(313, 'RAQUIRA', 1, 7),
	(314, 'RONDON', 1, 7),
	(315, 'SABOYA', 1, 7),
	(316, 'SACHICA', 1, 7),
	(317, 'SAMACA', 1, 7),
	(318, 'SAN EDUARDO', 1, 7),
	(319, 'SAN JOSE DE PARE', 1, 7),
	(320, 'SAN LUIS DE GACENO', 1, 7),
	(321, 'SAN MATEO', 1, 7),
	(322, 'SAN MIGUEL DE SEMA', 1, 7),
	(323, 'SAN PABLO DE BORBUR', 1, 7),
	(324, 'SANTANA', 1, 7),
	(325, 'SANTA MARIA - BOYACA', 1, 7),
	(326, 'SANTA ROSA DE VITERBO', 1, 7),
	(327, 'SANTA SOFIA', 1, 7),
	(328, 'SATIVANORTE', 1, 7),
	(329, 'SATIVASUR', 1, 7),
	(330, 'SIACHOQUE', 1, 7),
	(331, 'SOATA', 1, 7),
	(332, 'SOCOTA', 1, 7),
	(333, 'SOCHA', 1, 7),
	(334, 'SOMONDOCO', 1, 7),
	(335, 'SORA', 1, 7),
	(336, 'SOTAQUIRA', 1, 7),
	(337, 'SORACA', 1, 7),
	(338, 'SUSACON', 1, 7),
	(339, 'SUTAMARCHAN', 1, 7),
	(340, 'SUTATENZA', 1, 7),
	(341, 'TASCO', 1, 7),
	(342, 'TENZA', 1, 7),
	(343, 'TIBANA', 1, 7),
	(344, 'TIBASOSA', 1, 7),
	(345, 'TINJACA', 1, 7),
	(346, 'TIPACOQUE', 1, 7),
	(347, 'TOCA', 1, 7),
	(348, 'TOGÜI', 1, 7),
	(349, 'TOPAGA', 1, 7),
	(350, 'TOTA', 1, 7),
	(351, 'TUNUNGUA', 1, 7),
	(352, 'TURMEQUE', 1, 7),
	(353, 'TUTA', 1, 7),
	(354, 'TUTAZA', 1, 7),
	(355, 'UMBITA', 1, 7),
	(356, 'VENTAQUEMADA', 1, 7),
	(357, 'VIRACACHA', 1, 7),
	(358, 'ZETAQUIRA', 1, 7),
	(359, 'AGUADAS', 1, 8),
	(360, 'ANSERMA', 1, 8),
	(361, 'ARANZAZU', 1, 8),
	(362, 'BELALCAZAR', 1, 8),
	(363, 'CHINCHINA', 1, 8),
	(364, 'FILADELFIA', 1, 8),
	(365, 'LA MERCED', 1, 8),
	(366, 'MANZANARES', 1, 8),
	(367, 'MARMATO', 1, 8),
	(368, 'MARQUETALIA', 1, 8),
	(369, 'MARULANDA', 1, 8),
	(370, 'NEIRA', 1, 8),
	(371, 'NORCASIA', 1, 8),
	(372, 'PACORA', 1, 8),
	(373, 'PALESTINA - CALDAS', 1, 8),
	(374, 'PENSILVANIA', 1, 8),
	(375, 'RIOSUCIO - CALDAS', 1, 8),
	(376, 'RISARALDA', 1, 8),
	(377, 'SALAMINA - CALDAS', 1, 8),
	(378, 'SAMANA', 1, 8),
	(379, 'SAN JOSE', 1, 8),
	(380, 'SUPIA', 1, 8),
	(381, 'VICTORIA', 1, 8),
	(382, 'VILLAMARIA', 1, 8),
	(383, 'VITERBO', 1, 8),
	(384, 'ALBANIA - CAQUETA', 1, 9),
	(385, 'BELEN DE LOS ANDAQUIES', 1, 9),
	(386, 'CARTAGENA DEL CHAIRA', 1, 9),
	(387, 'CURILLO', 1, 9),
	(388, 'EL DONCELLO', 1, 9),
	(389, 'EL PAUJIL', 1, 9),
	(390, 'LA MONTAÑITA', 1, 9),
	(391, 'MILAN', 1, 9),
	(392, 'MORELIA', 1, 9),
	(393, 'PUERTO RICO - CAQUETA', 1, 9),
	(394, 'SAN JOSE DEL FRAGUA', 1, 9),
	(395, 'SAN VICENTE DEL CAGUAN', 1, 9),
	(396, 'SOLANO', 1, 9),
	(397, 'SOLITA', 1, 9),
	(398, 'VALPARAISO - CAQUETA', 1, 9),
	(399, 'ALMAGUER', 1, 34),
	(400, 'ARGELIA - CAUCA', 1, 34),
	(401, 'BALBOA - CAUCA', 1, 34),
	(402, 'BOLIVAR - CAUCA', 1, 34),
	(403, 'BUENOS AIRES', 1, 34),
	(404, 'CAJIBIO', 1, 34),
	(405, 'CALDONO', 1, 34),
	(406, 'CALOTO', 1, 34),
	(407, 'CORINTO', 1, 34),
	(408, 'EL TAMBO - CAUCA', 1, 34),
	(409, 'FLORENCIA - CAUCA', 1, 34),
	(410, 'GUACHENE', 1, 34),
	(411, 'GUAPI', 1, 34),
	(412, 'INZA', 1, 34),
	(413, 'JAMBALO', 1, 34),
	(414, 'LA SIERRA', 1, 34),
	(415, 'LA VEGA - CAUCA', 1, 34),
	(416, 'LOPEZ', 1, 34),
	(417, 'MERCADERES', 1, 34),
	(418, 'MIRANDA', 1, 34),
	(419, 'MORALES - CAUCA', 1, 34),
	(420, 'PADILLA', 1, 34),
	(421, 'PAEZ - CAUCA', 1, 34),
	(422, 'PATIA', 1, 34),
	(423, 'PIAMONTE', 1, 34),
	(424, 'PIENDAMO', 1, 34),
	(425, 'PUERTO TEJADA', 1, 34),
	(426, 'PURACE', 1, 34),
	(427, 'ROSAS', 1, 34),
	(428, 'SAN SEBASTIAN', 1, 34),
	(429, 'SANTANDER DE QUILICHAO', 1, 34),
	(430, 'SANTA ROSA - CAUCA', 1, 34),
	(431, 'SILVIA', 1, 34),
	(432, 'SOTARA', 1, 34),
	(433, 'SUAREZ - CAUCA', 1, 34),
	(434, 'SUCRE - CAUCA', 1, 34),
	(435, 'TIMBIO', 1, 34),
	(436, 'TIMBIQUI', 1, 34),
	(437, 'TORIBIO', 1, 34),
	(438, 'TOTORO', 1, 34),
	(439, 'VILLA RICA', 1, 34),
	(440, 'AGUACHICA', 1, 35),
	(441, 'AGUSTIN CODAZZI', 1, 35),
	(442, 'ASTREA', 1, 35),
	(443, 'BECERRIL', 1, 35),
	(444, 'BOSCONIA', 1, 35),
	(445, 'CHIMICHAGUA', 1, 35),
	(446, 'CHIRIGUANA', 1, 35),
	(447, 'CURUMANI', 1, 35),
	(448, 'EL COPEY', 1, 35),
	(449, 'EL PASO', 1, 35),
	(450, 'GAMARRA', 1, 35),
	(451, 'GONZALEZ', 1, 35),
	(452, 'LA GLORIA', 1, 35),
	(453, 'LA JAGUA DE IBIRICO', 1, 35),
	(454, 'MANAURE - CESAR', 1, 35),
	(455, 'PAILITAS', 1, 35),
	(456, 'PELAYA', 1, 35),
	(457, 'PUEBLO BELLO', 1, 35),
	(458, 'RIO DE ORO', 1, 35),
	(459, 'LA PAZ - CESAR', 1, 35),
	(460, 'SAN ALBERTO', 1, 35),
	(461, 'SAN DIEGO', 1, 35),
	(462, 'SAN MARTIN - CESAR', 1, 35),
	(463, 'TAMALAMEQUE', 1, 35),
	(464, 'AYAPEL', 1, 37),
	(465, 'BUENAVISTA - CORDOBA', 1, 37),
	(466, 'CANALETE', 1, 37),
	(467, 'CERETE', 1, 37),
	(468, 'CHIMA - CORDOBA', 1, 37),
	(469, 'CHINU', 1, 37),
	(470, 'CIENAGA DE ORO', 1, 37),
	(471, 'COTORRA', 1, 37),
	(472, 'LA APARTADA', 1, 37),
	(473, 'LORICA', 1, 37),
	(474, 'LOS CORDOBAS', 1, 37),
	(475, 'MOMIL', 1, 37),
	(476, 'MONTELIBANO', 1, 37),
	(477, 'MOÑITOS', 1, 37),
	(478, 'PLANETA RICA', 1, 37),
	(479, 'PUEBLO NUEVO', 1, 37),
	(480, 'PUERTO ESCONDIDO', 1, 37),
	(481, 'PUERTO LIBERTADOR', 1, 37),
	(482, 'PURISIMA', 1, 37),
	(483, 'SAHAGUN', 1, 37),
	(484, 'SAN ANDRES SOTAVENTO', 1, 37),
	(485, 'SAN ANTERO', 1, 37),
	(486, 'SAN BERNARDO DEL VIENTO', 1, 37),
	(487, 'SAN CARLOS - CORDOBA', 1, 37),
	(488, 'SAN JOSE DE URE', 1, 37),
	(489, 'SAN PELAYO', 1, 37),
	(490, 'TIERRALTA', 1, 37),
	(491, 'TUCHIN', 1, 37),
	(492, 'VALENCIA', 1, 37),
	(493, 'AGUA DE DIOS', 1, 56),
	(494, 'ALBAN - CUNDINAMARCA', 1, 56),
	(495, 'ANAPOIMA', 1, 56),
	(496, 'ANOLAIMA', 1, 56),
	(497, 'ARBELAEZ', 1, 56),
	(498, 'BELTRAN', 1, 56),
	(499, 'BITUIMA', 1, 56),
	(500, 'BOJACA', 1, 56),
	(501, 'CABRERA - CUNDINAMARCA', 1, 56),
	(502, 'CACHIPAY', 1, 56),
	(503, 'CAJICA', 1, 56),
	(504, 'CAPARRAPI', 1, 56),
	(505, 'CAQUEZA', 1, 56),
	(506, 'CARMEN DE CARUPA', 1, 56),
	(507, 'CHAGUANI', 1, 56),
	(508, 'CHIA', 1, 56),
	(509, 'CHIPAQUE', 1, 56),
	(510, 'CHOACHI', 1, 56),
	(511, 'CHOCONTA', 1, 56),
	(512, 'COGUA', 1, 56),
	(513, 'COTA', 1, 56),
	(514, 'CUCUNUBA', 1, 56),
	(515, 'EL COLEGIO', 1, 56),
	(516, 'EL PEÑON - CUNDINAMARCA', 1, 56),
	(517, 'EL ROSAL', 1, 56),
	(518, 'FACATATIVA', 1, 56),
	(519, 'FOMEQUE', 1, 56),
	(520, 'FOSCA', 1, 56),
	(521, 'FUNZA', 1, 56),
	(522, 'FUQUENE', 1, 56),
	(523, 'FUSAGASUGA', 1, 56),
	(524, 'GACHALA', 1, 56),
	(525, 'GACHANCIPA', 1, 56),
	(526, 'GACHETA', 1, 56),
	(527, 'GAMA', 1, 56),
	(528, 'GRANADA - CUNDINAMARCA', 1, 56),
	(529, 'GUACHETA', 1, 56),
	(530, 'GUADUAS', 1, 56),
	(531, 'GUASCA', 1, 56),
	(532, 'GUATAQUI', 1, 56),
	(533, 'GUATAVITA', 1, 56),
	(534, 'GUAYABAL DE SIQUIMA', 1, 56),
	(535, 'GUAYABETAL', 1, 56),
	(536, 'GUTIERREZ', 1, 56),
	(537, 'JERUSALEN', 1, 56),
	(538, 'JUNIN', 1, 56),
	(539, 'LA CALERA', 1, 56),
	(540, 'LA MESA', 1, 56),
	(541, 'LA PALMA', 1, 56),
	(542, 'LA PEÑA', 1, 56),
	(543, 'LA VEGA - CUNDINAMARCA', 1, 56),
	(544, 'LENGUAZAQUE', 1, 56),
	(545, 'MACHETA', 1, 56),
	(546, 'MADRID', 1, 56),
	(547, 'MANTA', 1, 56),
	(548, 'MEDINA', 1, 56),
	(549, 'MOSQUERA - CUNDINAMARCA', 1, 56),
	(550, 'NARIÑO - CUNDINAMARCA', 1, 56),
	(551, 'NEMOCON', 1, 56),
	(552, 'NILO', 1, 56),
	(553, 'NIMAIMA', 1, 56),
	(554, 'NOCAIMA', 1, 56),
	(555, 'VENECIA - CUNDINAMARCA', 1, 56),
	(556, 'PACHO', 1, 56),
	(557, 'PAIME', 1, 56),
	(558, 'PANDI', 1, 56),
	(559, 'PARATEBUENO', 1, 56),
	(560, 'PASCA', 1, 56),
	(561, 'PUERTO SALGAR', 1, 56),
	(562, 'PULI', 1, 56),
	(563, 'QUEBRADANEGRA', 1, 56),
	(564, 'QUETAME', 1, 56),
	(565, 'QUIPILE', 1, 56),
	(566, 'APULO', 1, 56),
	(567, 'RICAURTE - CUNDINAMARCA', 1, 56),
	(568, 'SAN ANTONIO DEL TEQUENDAMA', 1, 56),
	(569, 'SAN BERNARDO - CUNDINAMARCA', 1, 56),
	(570, 'SAN CAYETANO - CUNDINAMARCA', 1, 56),
	(571, 'SAN FRANCISCO - CUNDINAMARCA', 1, 56),
	(572, 'SAN JUAN DE RIO SECO', 1, 56),
	(573, 'SASAIMA', 1, 56),
	(574, 'SESQUILE', 1, 56),
	(575, 'SIBATE', 1, 56),
	(576, 'SILVANIA', 1, 56),
	(577, 'SIMIJACA', 1, 56),
	(578, 'SOPO', 1, 56),
	(579, 'SUBACHOQUE', 1, 56),
	(580, 'SUESCA', 1, 56),
	(581, 'SUPATA', 1, 56),
	(582, 'SUSA', 1, 56),
	(583, 'SUTATAUSA', 1, 56),
	(584, 'TABIO', 1, 56),
	(585, 'TAUSA', 1, 56),
	(586, 'TENA', 1, 56),
	(587, 'TENJO', 1, 56),
	(588, 'TIBACUY', 1, 56),
	(589, 'TIBIRITA', 1, 56),
	(590, 'TOCAIMA', 1, 56),
	(591, 'TOCANCIPA', 1, 56),
	(592, 'TOPAIPI', 1, 56),
	(593, 'UBALA', 1, 56),
	(594, 'UBAQUE', 1, 56),
	(595, 'VILLA DE SAN DIEGO DE UBATE', 1, 56),
	(596, 'UNE', 1, 56),
	(597, 'UTICA', 1, 56),
	(598, 'VERGARA', 1, 56),
	(599, 'VIANI', 1, 56),
	(600, 'VILLAGOMEZ', 1, 56),
	(601, 'VILLAPINZON', 1, 56),
	(602, 'VILLETA', 1, 56),
	(603, 'VIOTA', 1, 56),
	(604, 'YACOPI', 1, 56),
	(605, 'ZIPACON', 1, 56),
	(606, 'ZIPAQUIRA', 1, 56),
	(607, 'ACANDI', 1, 36),
	(608, 'ALTO BAUDO', 1, 36),
	(609, 'ATRATO', 1, 36),
	(610, 'BAGADO', 1, 36),
	(611, 'BAHIA SOLANO', 1, 36),
	(612, 'BAJO BAUDO', 1, 36),
	(613, 'BELEN DE BAJIRA', 1, 36),
	(614, 'BOJAYA', 1, 36),
	(615, 'EL CANTON DEL SAN PABLO', 1, 36),
	(616, 'CARMEN DEL DARIEN', 1, 36),
	(617, 'CERTEGUI', 1, 36),
	(618, 'CONDOTO', 1, 36),
	(619, 'EL CARMEN DE ATRATO', 1, 36),
	(620, 'EL LITORAL DEL SAN JUAN', 1, 36),
	(621, 'ISTMINA', 1, 36),
	(622, 'JURADO', 1, 36),
	(623, 'LLORO', 1, 36),
	(624, 'MEDIO ATRATO', 1, 36),
	(625, 'MEDIO BAUDO', 1, 36),
	(626, 'MEDIO SAN JUAN', 1, 36),
	(627, 'NOVITA', 1, 36),
	(628, 'NUQUI', 1, 36),
	(629, 'RIO IRO', 1, 36),
	(630, 'RIO QUITO', 1, 36),
	(631, 'RIOSUCIO - CHOCO', 1, 36),
	(632, 'SAN JOSE DEL PALMAR', 1, 36),
	(633, 'SIPI', 1, 36),
	(634, 'TADO', 1, 36),
	(635, 'UNGUIA', 1, 36),
	(636, 'UNION PANAMERICANA', 1, 36),
	(637, 'ACEVEDO', 1, 40),
	(638, 'AGRADO', 1, 40),
	(639, 'AIPE', 1, 40),
	(640, 'ALGECIRAS', 1, 40),
	(641, 'ALTAMIRA', 1, 40),
	(642, 'BARAYA', 1, 40),
	(643, 'CAMPOALEGRE', 1, 40),
	(644, 'COLOMBIA', 1, 40),
	(645, 'ELIAS', 1, 40),
	(646, 'GARZON', 1, 40),
	(647, 'GIGANTE', 1, 40),
	(648, 'GUADALUPE - HUILA', 1, 40),
	(649, 'HOBO', 1, 40),
	(650, 'IQUIRA', 1, 40),
	(651, 'ISNOS', 1, 40),
	(652, 'LA ARGENTINA', 1, 40),
	(653, 'LA PLATA', 1, 40),
	(654, 'NATAGA', 1, 40),
	(655, 'OPORAPA', 1, 40),
	(656, 'PAICOL', 1, 40),
	(657, 'PALERMO', 1, 40),
	(658, 'PALESTINA - HUILA', 1, 40),
	(659, 'PITAL', 1, 40),
	(660, 'PITALITO', 1, 40),
	(661, 'RIVERA', 1, 40),
	(662, 'SALADOBLANCO', 1, 40),
	(663, 'SAN AGUSTIN', 1, 40),
	(664, 'SANTA MARIA - HUILA', 1, 40),
	(665, 'SUAZA', 1, 40),
	(666, 'TARQUI', 1, 40),
	(667, 'TESALIA', 1, 40),
	(668, 'TELLO', 1, 40),
	(669, 'TERUEL', 1, 40),
	(670, 'TIMANA', 1, 40),
	(671, 'VILLAVIEJA', 1, 40),
	(672, 'YAGUARA', 1, 40),
	(673, 'ALBANIA - LA GUAJIRA', 1, 41),
	(674, 'BARRANCAS', 1, 41),
	(675, 'DIBULLA', 1, 41),
	(676, 'DISTRACCION', 1, 41),
	(677, 'EL MOLINO', 1, 41),
	(678, 'FONSECA', 1, 41),
	(679, 'HATONUEVO', 1, 41),
	(680, 'LA JAGUA DEL PILAR', 1, 41),
	(681, 'MAICAO', 1, 41),
	(682, 'MANAURE - LA GUAJIRA', 1, 41),
	(683, 'SAN JUAN DEL CESAR', 1, 41),
	(684, 'URIBIA', 1, 41),
	(685, 'URUMITA', 1, 41),
	(686, 'VILLANUEVA - LA GUAJIRA', 1, 41),
	(687, 'ALGARROBO', 1, 42),
	(688, 'ARACATACA', 1, 42),
	(689, 'ARIGUANI', 1, 42),
	(690, 'CERRO SAN ANTONIO', 1, 42),
	(691, 'CHIBOLO', 1, 42),
	(692, 'CIENAGA', 1, 42),
	(693, 'CONCORDIA - MAGDALENA', 1, 42),
	(694, 'EL BANCO', 1, 42),
	(695, 'EL PIÑON', 1, 42),
	(696, 'EL RETEN', 1, 42),
	(697, 'FUNDACION', 1, 42),
	(698, 'GUAMAL - MAGDALENA', 1, 42),
	(699, 'NUEVA GRANADA', 1, 42),
	(700, 'PEDRAZA', 1, 42),
	(701, 'PIJIÑO DEL CARMEN', 1, 42),
	(702, 'PIVIJAY', 1, 42),
	(703, 'PLATO', 1, 42),
	(704, 'PUEBLOVIEJO', 1, 42),
	(705, 'REMOLINO', 1, 42),
	(706, 'SABANAS DE SAN ANGEL', 1, 42),
	(707, 'SALAMINA - MAGDALENA', 1, 42),
	(708, 'SAN SEBASTIAN DE BUENAVISTA', 1, 42),
	(709, 'SAN ZENON', 1, 42),
	(710, 'SANTA ANA', 1, 42),
	(711, 'SANTA BARBARA DE PINTO', 1, 42),
	(712, 'SITIONUEVO', 1, 42),
	(713, 'TENERIFE', 1, 42),
	(714, 'ZAPAYAN', 1, 42),
	(715, 'ZONA BANANERA', 1, 42),
	(716, 'ACACIAS', 1, 43),
	(717, 'BARRANCA DE UPIA', 1, 43),
	(718, 'CABUYARO', 1, 43),
	(719, 'CASTILLA LA NUEVA', 1, 43),
	(720, 'CUBARRAL', 1, 43),
	(721, 'CUMARAL', 1, 43),
	(722, 'EL CALVARIO', 1, 43),
	(723, 'EL CASTILLO', 1, 43),
	(724, 'EL DORADO', 1, 43),
	(725, 'FUENTE DE ORO', 1, 43),
	(726, 'GRANADA - META', 1, 43),
	(727, 'GUAMAL - META', 1, 43),
	(728, 'MAPIRIPAN', 1, 43),
	(729, 'MESETAS', 1, 43),
	(730, 'LA MACARENA', 1, 43),
	(731, 'URIBE', 1, 43),
	(732, 'LEJANIAS', 1, 43),
	(733, 'PUERTO CONCORDIA', 1, 43),
	(734, 'PUERTO GAITAN', 1, 43),
	(735, 'PUERTO LOPEZ', 1, 43),
	(736, 'PUERTO LLERAS', 1, 43),
	(737, 'PUERTO RICO - META', 1, 43),
	(738, 'RESTREPO - META', 1, 43),
	(739, 'SAN CARLOS DE GUAROA', 1, 43),
	(740, 'SAN JUAN DE ARAMA', 1, 43),
	(741, 'SAN JUANITO', 1, 43),
	(742, 'SAN MARTIN - META', 1, 43),
	(743, 'VISTAHERMOSA', 1, 43),
	(744, 'ALBAN - NARIÑO', 1, 44),
	(745, 'ALDANA', 1, 44),
	(746, 'ANCUYA', 1, 44),
	(747, 'ARBOLEDA', 1, 44),
	(748, 'BARBACOAS', 1, 44),
	(749, 'BELEN - NARIÑO', 1, 44),
	(750, 'BUESACO', 1, 44),
	(751, 'COLON - NARIÑO', 1, 44),
	(752, 'CONSACA', 1, 44),
	(753, 'CONTADERO', 1, 44),
	(754, 'CORDOBA - NARIÑO', 1, 44),
	(755, 'CUASPUD', 1, 44),
	(756, 'CUMBAL', 1, 44),
	(757, 'CUMBITARA', 1, 44),
	(758, 'CHACHAGÜI', 1, 44),
	(759, 'EL CHARCO', 1, 44),
	(760, 'EL PEÑOL', 1, 44),
	(761, 'EL ROSARIO', 1, 44),
	(762, 'EL TABLON DE GOMEZ', 1, 44),
	(763, 'EL TAMBO - NARIÑO', 1, 44),
	(764, 'FUNES', 1, 44),
	(765, 'GUACHUCAL', 1, 44),
	(766, 'GUAITARILLA', 1, 44),
	(767, 'GUALMATAN', 1, 44),
	(768, 'ILES', 1, 44),
	(769, 'IMUES', 1, 44),
	(770, 'IPIALES', 1, 44),
	(771, 'LA CRUZ', 1, 44),
	(772, 'LA FLORIDA', 1, 44),
	(773, 'LA LLANADA', 1, 44),
	(774, 'LA TOLA', 1, 44),
	(775, 'LA UNION - NARIÑO', 1, 44),
	(776, 'LEIVA', 1, 44),
	(777, 'LINARES', 1, 44),
	(778, 'LOS ANDES', 1, 44),
	(779, 'MAGÜI', 1, 44),
	(780, 'MALLAMA', 1, 44),
	(781, 'MOSQUERA - NARIÑO', 1, 44),
	(782, 'NARIÑO - NARIÑO', 1, 44),
	(783, 'OLAYA HERRERA', 1, 44),
	(784, 'OSPINA', 1, 44),
	(785, 'FRANCISCO PIZARRO', 1, 44),
	(786, 'POLICARPA', 1, 44),
	(787, 'POTOSI', 1, 44),
	(788, 'PROVIDENCIA - NARIÑO', 1, 44),
	(789, 'PUERRES', 1, 44),
	(790, 'PUPIALES', 1, 44),
	(791, 'RICAURTE - NARIÑO', 1, 44),
	(792, 'ROBERTO PAYAN', 1, 44),
	(793, 'SAMANIEGO', 1, 44),
	(794, 'SANDONA', 1, 44),
	(795, 'SAN BERNARDO - NARIÑO', 1, 44),
	(796, 'SAN LORENZO', 1, 44),
	(797, 'SAN PABLO - NARIÑO', 1, 44),
	(798, 'SAN PEDRO DE CARTAGO', 1, 44),
	(799, 'SANTA BARBARA - NARIÑO', 1, 44),
	(800, 'SANTACRUZ', 1, 44),
	(801, 'SAPUYES', 1, 44),
	(802, 'TAMINANGO', 1, 44),
	(803, 'TANGUA', 1, 44),
	(804, 'SAN ANDRES DE TUMACO', 1, 44),
	(805, 'TUQUERRES', 1, 44),
	(806, 'YACUANQUER', 1, 44),
	(807, 'ABREGO', 1, 45),
	(808, 'ARBOLEDAS', 1, 45),
	(809, 'BOCHALEMA', 1, 45),
	(810, 'BUCARASICA', 1, 45),
	(811, 'CACOTA', 1, 45),
	(812, 'CACHIRA', 1, 45),
	(813, 'CHINACOTA', 1, 45),
	(814, 'CHITAGA', 1, 45),
	(815, 'CONVENCION', 1, 45),
	(816, 'CUCUTILLA', 1, 45),
	(817, 'DURANIA', 1, 45),
	(818, 'EL CARMEN', 1, 45),
	(819, 'EL TARRA', 1, 45),
	(820, 'EL ZULIA', 1, 45),
	(821, 'GRAMALOTE', 1, 45),
	(822, 'HACARI', 1, 45),
	(823, 'HERRAN', 1, 45),
	(824, 'LABATECA', 1, 45),
	(825, 'LA ESPERANZA', 1, 45),
	(826, 'LA PLAYA', 1, 45),
	(827, 'LOS PATIOS', 1, 45),
	(828, 'LOURDES', 1, 45),
	(829, 'MUTISCUA', 1, 45),
	(830, 'PAMPLONA', 1, 45),
	(831, 'PAMPLONITA', 1, 45),
	(832, 'PUERTO SANTANDER - NORTE DE SANTANDER', 1, 45),
	(833, 'RAGONVALIA', 1, 45),
	(834, 'SALAZAR', 1, 45),
	(835, 'SAN CALIXTO', 1, 45),
	(836, 'SAN CAYETANO - NORTE DE SANTANDER', 1, 45),
	(837, 'SANTIAGO - NORTE DE SANTANDER', 1, 45),
	(838, 'SARDINATA', 1, 45),
	(839, 'SILOS', 1, 45),
	(840, 'TEORAMA', 1, 45),
	(841, 'TIBU', 1, 45),
	(842, 'TOLEDO - NORTE DE SANTANDER', 1, 45),
	(843, 'VILLA CARO', 1, 45),
	(844, 'VILLA DEL ROSARIO', 1, 45),
	(845, 'BUENAVISTA - QUINDIO', 1, 47),
	(846, 'CALARCA', 1, 47),
	(847, 'CIRCASIA', 1, 47),
	(848, 'CORDOBA - QUINDIO', 1, 47),
	(849, 'FILANDIA', 1, 47),
	(850, 'GENOVA', 1, 47),
	(851, 'LA TEBAIDA', 1, 47),
	(852, 'MONTENEGRO', 1, 47),
	(853, 'PIJAO', 1, 47),
	(854, 'QUIMBAYA', 1, 47),
	(855, 'SALENTO', 1, 47),
	(856, 'APIA', 1, 48),
	(857, 'BALBOA - RISARALDA', 1, 48),
	(858, 'BELEN DE UMBRIA', 1, 48),
	(859, 'DOSQUEBRADAS', 1, 48),
	(860, 'GUATICA', 1, 48),
	(861, 'LA CELIA', 1, 48),
	(862, 'LA VIRGINIA', 1, 48),
	(863, 'MARSELLA', 1, 48),
	(864, 'MISTRATO', 1, 48),
	(865, 'PUEBLO RICO', 1, 48),
	(866, 'QUINCHIA', 1, 48),
	(867, 'SANTA ROSA DE CABAL', 1, 48),
	(868, 'SANTUARIO', 1, 48),
	(869, 'AGUADA', 1, 50),
	(870, 'ALBANIA - SANTANDER', 1, 50),
	(871, 'ARATOCA', 1, 50),
	(872, 'BARICHARA', 1, 50),
	(873, 'BETULIA - SANTANDER', 1, 50),
	(874, 'BOLIVAR - SANTANDER', 1, 50),
	(875, 'CABRERA - SANTANDER', 1, 50),
	(876, 'CALIFORNIA', 1, 50),
	(877, 'CAPITANEJO', 1, 50),
	(878, 'CARCASI', 1, 50),
	(879, 'CEPITA', 1, 50),
	(880, 'CERRITO', 1, 50),
	(881, 'CHARALA', 1, 50),
	(882, 'CHARTA', 1, 50),
	(883, 'CHIMA - SANTANDER', 1, 50),
	(884, 'CHIPATA', 1, 50),
	(885, 'CIMITARRA', 1, 50),
	(886, 'CONCEPCION - SANTANDER', 1, 50),
	(887, 'CONFINES', 1, 50),
	(888, 'CONTRATACION', 1, 50),
	(889, 'COROMORO', 1, 50),
	(890, 'CURITI', 1, 50),
	(891, 'EL CARMEN DE CHUCURI', 1, 50),
	(892, 'EL GUACAMAYO', 1, 50),
	(893, 'EL PEÑON - SANTANDER', 1, 50),
	(894, 'EL PLAYON', 1, 50),
	(895, 'ENCINO', 1, 50),
	(896, 'ENCISO', 1, 50),
	(897, 'FLORIAN', 1, 50),
	(898, 'FLORIDABLANCA', 1, 50),
	(899, 'GALAN', 1, 50),
	(900, 'GAMBITA', 1, 50),
	(901, 'GUACA', 1, 50),
	(902, 'GUADALUPE - SANTANDER', 1, 50),
	(903, 'GUAPOTA', 1, 50),
	(904, 'GUAVATA', 1, 50),
	(905, 'GÜEPSA', 1, 50),
	(906, 'HATO', 1, 50),
	(907, 'JESUS MARIA', 1, 50),
	(908, 'JORDAN', 1, 50),
	(909, 'LA BELLEZA', 1, 50),
	(910, 'LANDAZURI', 1, 50),
	(911, 'LA PAZ - SANTANDER', 1, 50),
	(912, 'LEBRIJA', 1, 50),
	(913, 'LOS SANTOS', 1, 50),
	(914, 'MACARAVITA', 1, 50),
	(915, 'MALAGA', 1, 50),
	(916, 'MATANZA', 1, 50),
	(917, 'MOGOTES', 1, 50),
	(918, 'MOLAGAVITA', 1, 50),
	(919, 'OCAMONTE', 1, 50),
	(920, 'OIBA', 1, 50),
	(921, 'ONZAGA', 1, 50),
	(922, 'PALMAR', 1, 50),
	(923, 'PALMAS DEL SOCORRO', 1, 50),
	(924, 'PARAMO', 1, 50),
	(925, 'PIEDECUESTA', 1, 50),
	(926, 'PINCHOTE', 1, 50),
	(927, 'PUENTE NACIONAL', 1, 50),
	(928, 'PUERTO PARRA', 1, 50),
	(929, 'PUERTO WILCHES', 1, 50),
	(930, 'RIONEGRO - SANTANDER', 1, 50),
	(931, 'SABANA DE TORRES', 1, 50),
	(932, 'SAN ANDRES - SANTANDER', 1, 50),
	(933, 'SAN BENITO', 1, 50),
	(934, 'SAN JOAQUIN', 1, 50),
	(935, 'SAN JOSE DE MIRANDA', 1, 50),
	(936, 'SAN MIGUEL - SANTANDER', 1, 50),
	(937, 'SAN VICENTE DE CHUCURI', 1, 50),
	(938, 'SANTA BARBARA - SANTANDER', 1, 50),
	(939, 'SANTA HELENA DEL OPON', 1, 50),
	(940, 'SIMACOTA', 1, 50),
	(941, 'SOCORRO', 1, 50),
	(942, 'SUAITA', 1, 50),
	(943, 'SUCRE - SANTANDER', 1, 50),
	(944, 'SURATA', 1, 50),
	(945, 'TONA', 1, 50),
	(946, 'VALLE DE SAN JOSE', 1, 50),
	(947, 'VELEZ', 1, 50),
	(948, 'VETAS', 1, 50),
	(949, 'VILLANUEVA - SANTANDER', 1, 50),
	(950, 'ZAPATOCA', 1, 50),
	(951, 'BUENAVISTA - SUCRE', 1, 51),
	(952, 'CAIMITO', 1, 51),
	(953, 'COLOSO', 1, 51),
	(954, 'COROZAL', 1, 51),
	(955, 'COVEÑAS', 1, 51),
	(956, 'CHALAN', 1, 51),
	(957, 'EL ROBLE', 1, 51),
	(958, 'GALERAS', 1, 51),
	(959, 'GUARANDA', 1, 51),
	(960, 'LA UNION - SUCRE', 1, 51),
	(961, 'LOS PALMITOS', 1, 51),
	(962, 'MAJAGUAL', 1, 51),
	(963, 'MORROA', 1, 51),
	(964, 'OVEJAS', 1, 51),
	(965, 'PALMITO', 1, 51),
	(966, 'SAMPUES', 1, 51),
	(967, 'SAN BENITO ABAD', 1, 51),
	(968, 'SAN JUAN DE BETULIA', 1, 51),
	(969, 'SAN MARCOS', 1, 51),
	(970, 'SAN ONOFRE', 1, 51),
	(971, 'SAN PEDRO - SUCRE', 1, 51),
	(972, 'SAN LUIS DE SINCE', 1, 51),
	(973, 'SUCRE - SUCRE', 1, 51),
	(974, 'SANTIAGO DE TOLU', 1, 51),
	(975, 'TOLU VIEJO', 1, 51),
	(976, 'ALPUJARRA', 1, 52),
	(977, 'ALVARADO', 1, 52),
	(978, 'AMBALEMA', 1, 52),
	(979, 'ANZOATEGUI', 1, 52),
	(980, 'ARMERO', 1, 52),
	(981, 'ATACO', 1, 52),
	(982, 'CAJAMARCA', 1, 52),
	(983, 'CARMEN DE APICALA', 1, 52),
	(984, 'CASABIANCA', 1, 52),
	(985, 'CHAPARRAL', 1, 52),
	(986, 'COELLO', 1, 52),
	(987, 'COYAIMA', 1, 52),
	(988, 'CUNDAY', 1, 52),
	(989, 'DOLORES', 1, 52),
	(990, 'ESPINAL', 1, 52),
	(991, 'FALAN', 1, 52),
	(992, 'FLANDES', 1, 52),
	(993, 'FRESNO', 1, 52),
	(994, 'GUAMO', 1, 52),
	(995, 'HERVEO', 1, 52),
	(996, 'HONDA', 1, 52),
	(997, 'ICONONZO', 1, 52),
	(998, 'LERIDA', 1, 52),
	(999, 'LIBANO', 1, 52),
	(1000, 'MARIQUITA', 1, 52),
	(1001, 'MELGAR', 1, 52),
	(1002, 'MURILLO', 1, 52),
	(1003, 'NATAGAIMA', 1, 52),
	(1004, 'ORTEGA', 1, 52),
	(1005, 'PALOCABILDO', 1, 52),
	(1006, 'PIEDRAS', 1, 52),
	(1007, 'PLANADAS', 1, 52),
	(1008, 'PRADO', 1, 52),
	(1009, 'PURIFICACION', 1, 52),
	(1010, 'RIOBLANCO', 1, 52),
	(1011, 'RONCESVALLES', 1, 52),
	(1012, 'ROVIRA', 1, 52),
	(1013, 'SALDAÑA', 1, 52),
	(1014, 'SAN ANTONIO', 1, 52),
	(1015, 'SAN LUIS - TOLIMA', 1, 52),
	(1016, 'SANTA ISABEL', 1, 52),
	(1017, 'SUAREZ - TOLIMA', 1, 52),
	(1018, 'VALLE DE SAN JUAN', 1, 52),
	(1019, 'VENADILLO', 1, 52),
	(1020, 'VILLAHERMOSA', 1, 52),
	(1021, 'VILLARRICA', 1, 52),
	(1022, 'ALCALA', 1, 53),
	(1023, 'ANDALUCIA', 1, 53),
	(1024, 'ANSERMANUEVO', 1, 53),
	(1025, 'ARGELIA - VALLE DEL CAUCA', 1, 53),
	(1026, 'BOLIVAR - VALLE DEL CAUCA', 1, 53),
	(1027, 'BUENAVENTURA', 1, 53),
	(1028, 'GUADALAJARA DE BUGA', 1, 53),
	(1029, 'BUGALAGRANDE', 1, 53),
	(1030, 'CAICEDONIA', 1, 53),
	(1031, 'CALIMA', 1, 53),
	(1032, 'CANDELARIA - VALLE DEL CAUCA', 1, 53),
	(1033, 'CARTAGO', 1, 53),
	(1034, 'DAGUA', 1, 53),
	(1035, 'EL AGUILA', 1, 53),
	(1036, 'EL CAIRO', 1, 53),
	(1037, 'EL CERRITO', 1, 53),
	(1038, 'EL DOVIO', 1, 53),
	(1039, 'FLORIDA', 1, 53),
	(1040, 'GINEBRA', 1, 53),
	(1041, 'GUACARI', 1, 53),
	(1042, 'JAMUNDI', 1, 53),
	(1043, 'LA CUMBRE', 1, 53),
	(1044, 'LA UNION - VALLE DEL CAUCA', 1, 53),
	(1045, 'LA VICTORIA - VALLE DEL CAUCA', 1, 53),
	(1046, 'OBANDO', 1, 53),
	(1047, 'PALMIRA', 1, 53),
	(1048, 'PRADERA', 1, 53),
	(1049, 'RESTREPO - VALLE DEL CAUCA', 1, 53),
	(1050, 'RIOFRIO', 1, 53),
	(1051, 'ROLDANILLO', 1, 53),
	(1052, 'SAN PEDRO - VALLE DEL CAUCA', 1, 53),
	(1053, 'SEVILLA', 1, 53),
	(1054, 'TORO', 1, 53),
	(1055, 'TRUJILLO', 1, 53),
	(1056, 'TULUA', 1, 53),
	(1057, 'ULLOA', 1, 53),
	(1058, 'VERSALLES', 1, 53),
	(1059, 'VIJES', 1, 53),
	(1060, 'YOTOCO', 1, 53),
	(1061, 'YUMBO', 1, 53),
	(1062, 'ZARZAL', 1, 53),
	(1063, 'ARAUQUITA', 1, 3),
	(1064, 'CRAVO NORTE', 1, 3),
	(1065, 'FORTUL', 1, 3),
	(1066, 'PUERTO RONDON', 1, 3),
	(1067, 'SARAVENA', 1, 3),
	(1068, 'TAME', 1, 3),
	(1069, 'AGUAZUL', 1, 33),
	(1070, 'CHAMEZA', 1, 33),
	(1071, 'HATO COROZAL', 1, 33),
	(1072, 'LA SALINA', 1, 33),
	(1073, 'MANI', 1, 33),
	(1074, 'MONTERREY', 1, 33),
	(1075, 'NUNCHIA', 1, 33),
	(1076, 'OROCUE', 1, 33),
	(1077, 'PAZ DE ARIPORO', 1, 33),
	(1078, 'PORE', 1, 33),
	(1079, 'RECETOR', 1, 33),
	(1080, 'SABANALARGA - CASANARE', 1, 33),
	(1081, 'SACAMA', 1, 33),
	(1082, 'SAN LUIS DE PALENQUE', 1, 33),
	(1083, 'TAMARA', 1, 33),
	(1084, 'TAURAMENA', 1, 33),
	(1085, 'TRINIDAD', 1, 33),
	(1086, 'VILLANUEVA - CASANARE', 1, 33),
	(1087, 'COLON - PUTUMAYO', 1, 46),
	(1088, 'ORITO', 1, 46),
	(1089, 'PUERTO ASIS', 1, 46),
	(1090, 'PUERTO CAICEDO', 1, 46),
	(1091, 'PUERTO GUZMAN', 1, 46),
	(1092, 'LEGUIZAMO', 1, 46),
	(1093, 'SIBUNDOY', 1, 46),
	(1094, 'SAN FRANCISCO - PUTUMAYO', 1, 46),
	(1095, 'SAN MIGUEL - PUTUMAYO', 1, 46),
	(1096, 'SANTIAGO - PUTUMAYO', 1, 46),
	(1097, 'VALLE DEL GUAMUEZ', 1, 46),
	(1098, 'VILLAGARZON', 1, 46),
	(1099, 'PROVIDENCIA - SAN ANDRES', 1, 49),
	(1100, 'EL ENCANTO', 1, 1),
	(1101, 'LA CHORRERA', 1, 1),
	(1102, 'LA PEDRERA', 1, 1),
	(1103, 'LA VICTORIA - AMAZONAS', 1, 1),
	(1104, 'MIRITI - PARANA', 1, 1),
	(1105, 'PUERTO ALEGRIA', 1, 1),
	(1106, 'PUERTO ARICA', 1, 1),
	(1107, 'PUERTO NARIÑO', 1, 1),
	(1108, 'PUERTO SANTANDER - AMAZONAS', 1, 1),
	(1109, 'TARAPACA', 1, 1),
	(1110, 'BARRANCO MINAS', 1, 38),
	(1111, 'MAPIRIPANA', 1, 38),
	(1112, 'CALAMAR - GUAVIARE', 1, 39),
	(1113, 'EL RETORNO', 1, 39),
	(1114, 'MIRAFLORES - GUAVIARE', 1, 39),
	(1115, 'CARURU', 1, 54),
	(1116, 'PACOA', 1, 54),
	(1117, 'TARAIRA', 1, 54),
	(1118, 'LA PRIMAVERA', 1, 55),
	(1119, 'SANTA ROSALIA', 1, 55),
	(1120, 'CUMARIBO', 1, 55),
	(1121, 'BUGA', 1, 53),
	(1122, 'CUCUTA', 1, 45),
	(1123, 'GUEPSA', 1, 50),
	(1124, 'NATAGA', 1, 40),
	(1125, 'PUERTO LEGUIZAMO', 1, 46),
	(1126, 'RIO DE ORO', 1, 35),
	(1127, 'SANTA ROSA', 1, 4),
	(1128, 'VILLANUEVA - ATLANTICO', 1, 4),
	(1129, 'SANTA MARTA - ATLANTICO', 1, 4),
	(1130, 'HUILA', 1, 40),
	(1131, 'DESCONOCIDO', 1, 1);
/*!40000 ALTER TABLE `ciudad` ENABLE KEYS */;

-- Volcando estructura para tabla gestiongopass.convenio
CREATE TABLE IF NOT EXISTS `convenio` (
  `convenioId` int(11) NOT NULL AUTO_INCREMENT,
  `nombre` varchar(45) NOT NULL,
  `fechaCreacion` datetime DEFAULT NULL,
  `estado` tinyint(1) NOT NULL,
  `ip` varchar(45) NOT NULL,
  `usuarioId` int(11) NOT NULL,
  PRIMARY KEY (`convenioId`),
  KEY `usuarioId` (`usuarioId`),
  CONSTRAINT `convenio_ibfk_1` FOREIGN KEY (`usuarioId`) REFERENCES `usuario` (`usuarioId`) ON DELETE CASCADE ON UPDATE CASCADE
) ENGINE=InnoDB AUTO_INCREMENT=10 DEFAULT CHARSET=latin1;

-- Volcando datos para la tabla gestiongopass.convenio: ~6 rows (aproximadamente)
#DELETE FROM `convenio`;
/*!40000 ALTER TABLE `convenio` DISABLE KEYS */;
INSERT INTO `convenio` (`convenioId`, `nombre`, `fechaCreacion`, `estado`, `ip`, `usuarioId`) VALUES
	(1, 'ITAU', '2021-09-08 00:00:00', 1, '::1', 1),
	(2, 'BANCOLOMBIA', '2021-09-08 00:00:00', 1, '::1', 1),
	(3, 'Prueba', '2021-08-18 13:31:54', 0, '::1', 1),
	(7, 'prueba 2', '2021-08-18 13:38:07', 0, '::1', 1),
	(8, 'prueba 2', '2021-08-18 13:38:14', 0, '::1', 1),
	(9, 'pruebassss', '2021-08-20 12:44:42', 1, '::1', 1);
/*!40000 ALTER TABLE `convenio` ENABLE KEYS */;

-- Volcando estructura para tabla gestiongopass.departamento
CREATE TABLE IF NOT EXISTS `departamento` (
  `departamentoId` int(11) NOT NULL AUTO_INCREMENT,
  `nombre` varchar(45) NOT NULL,
  `estado` tinyint(1) DEFAULT NULL,
  PRIMARY KEY (`departamentoId`)
) ENGINE=InnoDB AUTO_INCREMENT=58 DEFAULT CHARSET=latin1;

-- Volcando datos para la tabla gestiongopass.departamento: ~33 rows (aproximadamente)
#DELETE FROM `departamento`;
/*!40000 ALTER TABLE `departamento` DISABLE KEYS */;
INSERT INTO `departamento` (`departamentoId`, `nombre`, `estado`) VALUES
	(1, 'AMAZONAS', 1),
	(2, 'ANTIOQUIA', 1),
	(3, 'ARAUCA', 1),
	(4, 'ATLÁNTICO', 1),
	(6, 'BOLIVAR', 1),
	(7, 'BOYACÁ', 1),
	(8, 'CALDAS', 1),
	(9, 'CAQUETÁ', 1),
	(33, 'CASANARE', 1),
	(34, 'CAUCA', 1),
	(35, 'CESAR', 1),
	(36, 'CHOCÓ', 1),
	(37, 'CÓRDOBA', 1),
	(38, 'GUAINIA', 1),
	(39, 'GUAVIARE', 1),
	(40, 'HUILA', 1),
	(41, 'LA GUAJIRA', 1),
	(42, 'MAGDALENA', 1),
	(43, 'META', 1),
	(44, 'NARIÑO', 1),
	(45, 'NORTE DE SANTANDER', 1),
	(46, 'PUTUMAYO', 1),
	(47, 'QUINDIO', 1),
	(48, 'RISARALDA', 1),
	(49, 'SAN ANDRÉS', 1),
	(50, 'SANTANDER', 1),
	(51, 'SUCRE', 1),
	(52, 'TOLIMA', 1),
	(53, 'VALLE DEL CAUCA', 1),
	(54, 'VAUPÉS', 1),
	(55, 'VICHADA', 1),
	(56, 'CUNDINAMARCA', 1),
	(57, 'DESCONOCIDO', 1);
/*!40000 ALTER TABLE `departamento` ENABLE KEYS */;

-- Volcando estructura para tabla gestiongopass.gestiongopass
CREATE TABLE IF NOT EXISTS `gestiongopass` (
  `gestionId` int(11) NOT NULL AUTO_INCREMENT,
  `placa` varchar(6) NOT NULL,
  `fechaGestion` datetime NOT NULL,
  `fechaReagendamiento` datetime DEFAULT NULL,
  `fechaVolverLlamar` datetime DEFAULT NULL,
  `fechaEntrega` datetime DEFAULT NULL,
  `observacion` varchar(45) DEFAULT NULL,
  `numTags` int(11) DEFAULT NULL,
  `ip` varchar(45) NOT NULL,
  `conoceMembresias` tinyint(1) DEFAULT NULL,
  `tipificacionId` int(11) DEFAULT NULL,
  `convenioId` int(11) DEFAULT NULL,
  `barrioId` int(11) DEFAULT NULL,
  `franjaHoraria` tinyint(1) DEFAULT NULL,
  `cedulaPersona` int(11) NOT NULL,
  `usuarioId` int(11) NOT NULL,
  `activadorId` int(11) DEFAULT NULL,
  `direccionCasa` varchar(45) DEFAULT NULL,
  `direccionEntrega` varchar(45) DEFAULT NULL,
  `tipoBonoId` int(11) DEFAULT '1',
  `tipoMembresiaId` int(11) DEFAULT '1',
  `campanaId` int(11) NOT NULL,
  `calificacionPresentacionPersonal` int(11) DEFAULT NULL,
  `calificacionInfoClara` int(11) DEFAULT NULL,
  `calificacionAcompanamiento` int(11) DEFAULT NULL,
  `calificacionTiempoEspera` int(11) DEFAULT NULL,
  `calificacionComportamiento` int(11) DEFAULT NULL,
  `calificacionAmabilidad` int(11) DEFAULT NULL,
  `motivoNoContacto` varchar(45) DEFAULT NULL,
  `tagAsociado` int(11) NOT NULL,
  `fechaActivacion` date DEFAULT NULL,
  `redimeBono` tinyint(1) DEFAULT NULL,
  `fechaRedimeBono` date DEFAULT NULL,
  `adquiereMembresia` tinyint(1) DEFAULT NULL,
  `puntoActivacionId` int(11) DEFAULT NULL,
  `existeContacto` int(11) DEFAULT NULL,
  `infoBono` int(11) DEFAULT NULL,
  PRIMARY KEY (`gestionId`),
  UNIQUE KEY `placa_UNIQUE` (`placa`),
  KEY `tipificacionId` (`tipificacionId`),
  KEY `convenioId` (`convenioId`),
  KEY `barrioId` (`barrioId`),
  KEY `cedulaPersona` (`cedulaPersona`),
  KEY `usuarioId` (`usuarioId`),
  KEY `campanaId` (`campanaId`),
  KEY `tagAsociado` (`tagAsociado`),
  KEY `gestiongopass_ibfk_6` (`tipoBonoId`),
  KEY `gestiongopass_ibfk_7` (`tipoMembresiaId`),
  KEY `gestiongopass_ibfk_9` (`puntoActivacionId`),
  CONSTRAINT `gestiongopass_ibfk_1` FOREIGN KEY (`tipificacionId`) REFERENCES `tipificacion` (`tipificacionId`) ON DELETE CASCADE ON UPDATE CASCADE,
  CONSTRAINT `gestiongopass_ibfk_10` FOREIGN KEY (`tagAsociado`) REFERENCES `ventatag` (`tagAsociado`) ON DELETE CASCADE ON UPDATE CASCADE,
  CONSTRAINT `gestiongopass_ibfk_2` FOREIGN KEY (`convenioId`) REFERENCES `convenio` (`convenioId`) ON DELETE CASCADE ON UPDATE CASCADE,
  CONSTRAINT `gestiongopass_ibfk_3` FOREIGN KEY (`barrioId`) REFERENCES `barrio` (`barrioId`) ON DELETE CASCADE ON UPDATE CASCADE,
  CONSTRAINT `gestiongopass_ibfk_4` FOREIGN KEY (`cedulaPersona`) REFERENCES `persona` (`cedulaPersona`) ON DELETE CASCADE ON UPDATE CASCADE,
  CONSTRAINT `gestiongopass_ibfk_5` FOREIGN KEY (`usuarioId`) REFERENCES `usuario` (`usuarioId`) ON DELETE CASCADE ON UPDATE CASCADE,
  CONSTRAINT `gestiongopass_ibfk_6` FOREIGN KEY (`tipoBonoId`) REFERENCES `tipobono` (`tipoBonoId`) ON DELETE CASCADE ON UPDATE CASCADE,
  CONSTRAINT `gestiongopass_ibfk_7` FOREIGN KEY (`tipoMembresiaId`) REFERENCES `tipomembresia` (`tipoMembresiaId`) ON DELETE CASCADE ON UPDATE CASCADE,
  CONSTRAINT `gestiongopass_ibfk_8` FOREIGN KEY (`campanaId`) REFERENCES `campana` (`campanaId`) ON DELETE CASCADE ON UPDATE CASCADE,
  CONSTRAINT `gestiongopass_ibfk_9` FOREIGN KEY (`puntoActivacionId`) REFERENCES `puntoactivacion` (`puntoActivacionId`) ON DELETE CASCADE ON UPDATE CASCADE
) ENGINE=InnoDB DEFAULT CHARSET=latin1;

-- Volcando datos para la tabla gestiongopass.gestiongopass: ~0 rows (aproximadamente)
#DELETE FROM `gestiongopass`;
/*!40000 ALTER TABLE `gestiongopass` DISABLE KEYS */;
/*!40000 ALTER TABLE `gestiongopass` ENABLE KEYS */;

-- Volcando estructura para tabla gestiongopass.historico_convenio
CREATE TABLE IF NOT EXISTS `historico_convenio` (
  `historicoConvenioId` int(11) NOT NULL AUTO_INCREMENT,
  `nombre` varchar(45) NOT NULL,
  `fechaInsert` datetime DEFAULT NULL,
  `estado` tinyint(1) NOT NULL,
  `convenioId` int(11) NOT NULL,
  `fechaUpdate` datetime DEFAULT NULL,
  `usuarioId` int(11) NOT NULL,
  `fechaDelete` datetime DEFAULT NULL,
  `ip` varchar(45) DEFAULT NULL,
  PRIMARY KEY (`historicoConvenioId`),
  KEY `convenioId` (`convenioId`),
  KEY `usuarioId` (`usuarioId`),
  CONSTRAINT `historico_convenio_ibfk_1` FOREIGN KEY (`convenioId`) REFERENCES `convenio` (`convenioId`) ON DELETE CASCADE ON UPDATE CASCADE,
  CONSTRAINT `historico_convenio_ibfk_2` FOREIGN KEY (`usuarioId`) REFERENCES `usuario` (`usuarioId`) ON DELETE CASCADE ON UPDATE CASCADE
) ENGINE=InnoDB AUTO_INCREMENT=31 DEFAULT CHARSET=latin1;

-- Volcando datos para la tabla gestiongopass.historico_convenio: ~26 rows (aproximadamente)
#DELETE FROM `historico_convenio`;
/*!40000 ALTER TABLE `historico_convenio` DISABLE KEYS */;
INSERT INTO `historico_convenio` (`historicoConvenioId`, `nombre`, `fechaInsert`, `estado`, `convenioId`, `fechaUpdate`, `usuarioId`, `fechaDelete`, `ip`) VALUES
	(1, 'ITAU PRUEBA', NULL, 1, 1, '2021-08-18 13:12:36', 1, NULL, '::1'),
	(2, 'ITAU PRUEBAs', NULL, 1, 1, '2021-08-18 13:13:12', 1, NULL, '::1'),
	(3, 'BANCOLOMBIA', NULL, 0, 2, '2021-08-18 13:16:54', 1, NULL, '::1'),
	(4, 'BANCOLOMBIA', NULL, 0, 2, '2021-08-18 13:18:10', 1, NULL, '::1'),
	(5, 'BANCOLOMBIA', NULL, 0, 2, '2021-08-18 13:19:27', 1, NULL, '::1'),
	(6, 'BANCOLOMBIA', NULL, 0, 2, '2021-08-18 13:23:44', 1, NULL, '::1'),
	(7, 'BANCOLOMBIA', NULL, 1, 2, '2021-08-18 13:24:04', 1, NULL, '::1'),
	(8, 'ITAU PRUEBA', NULL, 1, 1, '2021-08-18 13:24:18', 1, NULL, '::1'),
	(9, 'ITAU PRUEBA', NULL, 0, 1, '2021-08-18 13:24:30', 1, NULL, '::1'),
	(10, 'Prueba', '2021-08-18 13:31:54', 1, 3, '0000-00-00 00:00:00', 1, NULL, '::1'),
	(11, 'prueba 2', '2021-08-18 13:38:07', 1, 7, NULL, 1, NULL, '::1'),
	(12, 'prueba 2', '2021-08-18 13:38:14', 1, 8, NULL, 1, NULL, '::1'),
	(13, 'prueba 2', NULL, 0, 8, '2021-08-18 13:38:26', 1, NULL, '::1'),
	(14, 'prueba 2', NULL, 0, 8, '2021-08-18 13:40:44', 1, NULL, '::1'),
	(15, 'prueba 2', NULL, 0, 8, '2021-08-18 13:53:29', 1, NULL, '::1'),
	(16, 'prueba 2', NULL, 1, 7, '2021-08-20 10:21:34', 1, NULL, '::1'),
	(17, 'ITAU PRUEBA', NULL, 1, 1, '2021-08-20 10:21:48', 1, NULL, '::1'),
	(18, 'prueba 2', NULL, 1, 8, '2021-08-20 10:21:57', 1, NULL, '::1'),
	(19, 'ITAU PRUEBA', NULL, 0, 1, '2021-08-20 10:22:06', 1, NULL, '::1'),
	(20, 'prueba 2', NULL, 0, 8, '2021-08-20 10:22:18', 1, NULL, '::1'),
	(21, 'ITAU', NULL, 1, 1, '2021-08-20 10:22:30', 1, NULL, '::1'),
	(22, 'prueba 2', NULL, 1, 7, '2021-08-20 10:22:41', 1, NULL, '::1'),
	(23, 'prueba 2', NULL, 0, 7, '2021-08-20 10:22:50', 1, NULL, '::1'),
	(24, 'Prueba', NULL, 0, 3, '2021-08-20 10:23:01', 1, NULL, '::1'),
	(25, 'Prueba', NULL, 0, 3, '2021-08-20 10:23:20', 1, NULL, '::1'),
	(26, 'Prueba', NULL, 1, 3, '2021-08-20 11:49:35', 1, NULL, '::1'),
	(27, 'Prueba', NULL, 0, 3, '2021-08-20 11:49:45', 1, NULL, '::1'),
	(28, 'Prueba', NULL, 1, 3, '2021-08-20 12:44:15', 1, NULL, '::1'),
	(29, 'Prueba', NULL, 0, 3, '2021-08-20 12:44:24', 1, NULL, '::1'),
	(30, 'pruebassss', '2021-08-20 12:44:42', 1, 9, NULL, 1, NULL, '::1');
/*!40000 ALTER TABLE `historico_convenio` ENABLE KEYS */;

-- Volcando estructura para tabla gestiongopass.historico_gestiongopass
CREATE TABLE IF NOT EXISTS `historico_gestiongopass` (
  `historicoGestionGopassId` int(11) NOT NULL AUTO_INCREMENT,
  `placa` varchar(6) NOT NULL,
  `fechaGestion` datetime NOT NULL,
  `fechaReagendamiento` datetime DEFAULT NULL,
  `fechaVolverLlamar` datetime DEFAULT NULL,
  `fechaEntrega` datetime DEFAULT NULL,
  `observacion` varchar(45) DEFAULT NULL,
  `numTags` int(11) DEFAULT NULL,
  `ip` varchar(45) NOT NULL,
  `conoceMembresias` tinyint(1) DEFAULT NULL,
  `tipificacionId` int(11) DEFAULT NULL,
  `convenioId` int(11) DEFAULT NULL,
  `barrioId` int(11) DEFAULT NULL,
  `franjaHoraria` tinyint(1) DEFAULT NULL,
  `cedulaPersona` int(11) NOT NULL,
  `usuarioId` int(11) NOT NULL,
  `presentacionPersonal` int(11) DEFAULT NULL,
  `direccionCasa` varchar(45) DEFAULT NULL,
  `direccionEntrega` varchar(45) DEFAULT NULL,
  `tipoBonoId` int(11) DEFAULT NULL,
  `tipoMembresiaId` int(11) DEFAULT NULL,
  `campanaId` int(11) NOT NULL,
  `calificacionPresentacionPersonal` int(11) DEFAULT NULL,
  `calificacionInfoClara` int(11) DEFAULT NULL,
  `calificacionAcompanamiento` int(11) DEFAULT NULL,
  `calificacionTiempoEspera` int(11) DEFAULT NULL,
  `calificacionComportamiento` int(11) DEFAULT NULL,
  `calificacionAmabilidad` int(11) DEFAULT NULL,
  `motivoNoContacto` varchar(45) DEFAULT NULL,
  `tagAsociado` int(11) NOT NULL,
  `fechaActivacion` datetime DEFAULT NULL,
  `redimeBono` tinyint(1) DEFAULT NULL,
  `fechaRedimeBono` datetime DEFAULT NULL,
  `adquiereMembresia` tinyint(1) DEFAULT NULL,
  `puntoActivacionId` int(11) DEFAULT NULL,
  `fechaCreacion` datetime DEFAULT NULL,
  `fechaUpdate` datetime DEFAULT NULL,
  `fechaDelete` datetime DEFAULT NULL,
  `gestionId` int(11) NOT NULL,
  `existeContacto` tinyint(1) DEFAULT NULL,
  PRIMARY KEY (`historicoGestionGopassId`),
  KEY `gestionId` (`gestionId`),
  KEY `usuarioId` (`usuarioId`),
  CONSTRAINT `historico_gestiongopass_ibfk_1` FOREIGN KEY (`gestionId`) REFERENCES `gestiongopass` (`gestionId`) ON DELETE CASCADE ON UPDATE CASCADE,
  CONSTRAINT `historico_gestiongopass_ibfk_2` FOREIGN KEY (`usuarioId`) REFERENCES `usuario` (`usuarioId`) ON DELETE CASCADE ON UPDATE CASCADE
) ENGINE=InnoDB DEFAULT CHARSET=latin1;

-- Volcando datos para la tabla gestiongopass.historico_gestiongopass: ~0 rows (aproximadamente)
#DELETE FROM `historico_gestiongopass`;
/*!40000 ALTER TABLE `historico_gestiongopass` DISABLE KEYS */;
/*!40000 ALTER TABLE `historico_gestiongopass` ENABLE KEYS */;

-- Volcando estructura para tabla gestiongopass.historico_persona
CREATE TABLE IF NOT EXISTS `historico_persona` (
  `historicoPersonaId` int(11) NOT NULL AUTO_INCREMENT,
  `nombre` varchar(45) NOT NULL,
  `apellido` varchar(45) NOT NULL,
  `telefono` int(11) DEFAULT NULL,
  `celularLlamadas` int(11) DEFAULT NULL,
  `tipoId` int(11) NOT NULL,
  `celularWhatsapp` int(11) DEFAULT NULL,
  `cedulaPersona` int(11) NOT NULL,
  `fechaCreate` datetime NOT NULL,
  `usuarioId` int(11) NOT NULL,
  `fechaUpdate` datetime DEFAULT NULL,
  `fechaDelete` datetime DEFAULT NULL,
  `ip` varchar(45) DEFAULT NULL,
  PRIMARY KEY (`historicoPersonaId`),
  KEY `cedulaPersona` (`cedulaPersona`),
  CONSTRAINT `historico_persona_ibfk_1` FOREIGN KEY (`cedulaPersona`) REFERENCES `persona` (`cedulaPersona`) ON DELETE CASCADE ON UPDATE CASCADE
) ENGINE=InnoDB AUTO_INCREMENT=14 DEFAULT CHARSET=latin1;

-- Volcando datos para la tabla gestiongopass.historico_persona: ~9 rows (aproximadamente)
#DELETE FROM `historico_persona`;
/*!40000 ALTER TABLE `historico_persona` DISABLE KEYS */;
INSERT INTO `historico_persona` (`historicoPersonaId`, `nombre`, `apellido`, `telefono`, `celularLlamadas`, `tipoId`, `celularWhatsapp`, `cedulaPersona`, `fechaCreate`, `usuarioId`, `fechaUpdate`, `fechaDelete`, `ip`) VALUES
	(5, 'pruebas 1', 'pruebas 1', 4652358, 2147483647, 1, 2147483647, 4646543, '2021-08-20 12:23:17', 1, NULL, NULL, '::1'),
	(6, 'pruebas 2', 'pruebas 2', 4652358, 2147483647, 1, 2147483647, 657987, '2021-08-20 12:48:19', 1, NULL, NULL, '::1'),
	(7, 'pruebas 3', 'pruebas 3', 4652358, 2147483647, 2, 2147483647, 56498, '2021-08-20 12:48:20', 1, NULL, NULL, '::1'),
	(8, 'pruebas 4', 'pruebas 4', 4652358, 2147483647, 2, 2147483647, 54988, '2021-08-20 12:48:20', 1, NULL, NULL, '::1'),
	(9, 'pruebas pruebas', 'pruebas pruebas', 4528252, 2147483647, 1, 2147483647, 9999999, '2021-08-20 12:59:50', 12, NULL, NULL, '::1'),
	(10, 'asasas', 'asasas', 2147483647, 2147483647, 1, 12132323, 121212, '2021-08-20 13:04:13', 12, NULL, NULL, '::1'),
	(11, 'asdgdf', 'adhgdfd', 12345, 13245, 1, 2445, 1212122467, '2021-08-20 13:37:49', 12, NULL, NULL, '::1'),
	(12, 'Pruebas 101', 'PRUEBAS 101', 4528252, 2147483647, 1, 2147483647, 345678, '2021-08-23 08:05:02', 12, NULL, NULL, '::1'),
	(13, 'Cristian', 'bustos', 4528252, 2147483647, 1, 2147483647, 134736, '2021-08-23 09:10:48', 12, NULL, NULL, '::1');
/*!40000 ALTER TABLE `historico_persona` ENABLE KEYS */;

-- Volcando estructura para tabla gestiongopass.historico_puntoactivacion
CREATE TABLE IF NOT EXISTS `historico_puntoactivacion` (
  `historicopuntoActivacionId` int(11) NOT NULL AUTO_INCREMENT,
  `nombre` varchar(45) NOT NULL,
  `fechaCreacion` datetime DEFAULT NULL,
  `ciudadId` int(11) NOT NULL,
  `estado` tinyint(1) NOT NULL,
  `fechaCambio` datetime NOT NULL,
  `puntoActivacionId` int(11) NOT NULL,
  `usuarioId` int(11) NOT NULL,
  `ip` varchar(45) NOT NULL,
  `fechaDelete` datetime DEFAULT NULL,
  PRIMARY KEY (`historicopuntoActivacionId`),
  KEY `usuarioId` (`usuarioId`),
  KEY `puntoActivacionId` (`puntoActivacionId`),
  CONSTRAINT `historico_puntoactivacion_ibfk_1` FOREIGN KEY (`usuarioId`) REFERENCES `usuario` (`usuarioId`) ON DELETE CASCADE ON UPDATE CASCADE,
  CONSTRAINT `historico_puntoactivacion_ibfk_2` FOREIGN KEY (`puntoActivacionId`) REFERENCES `puntoactivacion` (`puntoActivacionId`) ON DELETE CASCADE ON UPDATE CASCADE
) ENGINE=InnoDB DEFAULT CHARSET=latin1;

-- Volcando datos para la tabla gestiongopass.historico_puntoactivacion: ~0 rows (aproximadamente)
#DELETE FROM `historico_puntoactivacion`;
/*!40000 ALTER TABLE `historico_puntoactivacion` DISABLE KEYS */;
/*!40000 ALTER TABLE `historico_puntoactivacion` ENABLE KEYS */;

-- Volcando estructura para tabla gestiongopass.historico_usuario
CREATE TABLE IF NOT EXISTS `historico_usuario` (
  `historicoId` int(11) NOT NULL AUTO_INCREMENT,
  `cedula` int(11) NOT NULL,
  `nombre` varchar(45) NOT NULL,
  `apellido` varchar(45) NOT NULL,
  `login` varchar(45) NOT NULL,
  `cambioPassword` int(1) NOT NULL,
  `estado` tinyint(1) NOT NULL,
  `rolId` int(11) NOT NULL,
  `usuarioId` int(11) NOT NULL,
  `fechaUpdate` datetime DEFAULT NULL,
  `ip` varchar(45) DEFAULT NULL,
  `usuarioModifico` int(11) DEFAULT NULL,
  PRIMARY KEY (`historicoId`),
  KEY `usuarioId` (`usuarioId`),
  CONSTRAINT `historico_usuario_ibfk_1` FOREIGN KEY (`usuarioId`) REFERENCES `usuario` (`usuarioId`) ON DELETE CASCADE ON UPDATE CASCADE
) ENGINE=InnoDB AUTO_INCREMENT=167 DEFAULT CHARSET=latin1;

-- Volcando datos para la tabla gestiongopass.historico_usuario: ~18 rows (aproximadamente)
#DELETE FROM `historico_usuario`;
/*!40000 ALTER TABLE `historico_usuario` DISABLE KEYS */;
INSERT INTO `historico_usuario` (`historicoId`, `cedula`, `nombre`, `apellido`, `login`, `cambioPassword`, `estado`, `rolId`, `usuarioId`, `fechaUpdate`, `ip`, `usuarioModifico`) VALUES
	(146, 456123, 'PRUEBA4', 'Asesor', 'PRUEBA.ASESOR', 1, 1, 5, 12, '2021-08-19 13:03:53', '::1', 0),
	(147, 456123, 'PRUEBA4', 'Asesor', 'PRUEBA.ASESOR', 1, 1, 5, 12, '2021-08-19 13:04:46', '::1', 0),
	(148, 456123, 'PRUEBA4', 'Asesor', 'PRUEBA.ASESOR', 1, 1, 5, 12, '2021-08-19 13:07:07', '::1', 1),
	(149, 456123, 'PRUEBA4', 'Asesor', 'PRUEBA.ASESOR', 1, 1, 5, 12, '2021-08-19 13:08:06', '::1', 1),
	(152, 641321, 'PRUEBAS', 'Pruebas', 'prueba.master', 1, 1, 1, 26, '2021-08-19 13:39:54', '::1', 1),
	(153, 789456, 'Asesor SAC ', 'Sac', 'sac', 1, 1, 4, 2, '2021-08-19 15:04:27', '::1', 1),
	(154, 555555, 'MASTER ', 'MASTER', 'MASTER', 1, 1, 1, 4, '2021-08-19 15:04:54', '::1', 1),
	(155, 123456, 'ALEXANDER ', 'MENDEZ', 'elalexmendez', 1, 1, 3, 1, '2021-08-19 15:05:19', '::1', 1),
	(156, 789456, 'Asesor SAC  ', 'Sac', 'sac', 1, 1, 4, 2, '2021-08-19 15:23:05', '::1', 1),
	(157, 123456, 'ALEXANDER  ', 'MENDEZ', 'elalexmendez', 1, 1, 3, 1, '2021-08-19 15:32:07', '::1', 1),
	(158, 789456, 'Asesor SAC   ', 'Sac', 'sac', 1, 1, 4, 2, '2021-08-19 15:32:24', '::1', 1),
	(159, 555555, 'MASTER  ', 'MASTER', 'MASTER', 1, 1, 1, 4, '2021-08-19 15:32:39', '::1', 1),
	(160, 456123, 'PRUEBA4 ', 'Asesor', 'PRUEBA.ASESOR', 1, 1, 5, 12, '2021-08-19 15:32:59', '::1', 1),
	(161, 641321, 'PRUEBAS ', 'Pruebas', 'prueba.master', 1, 1, 1, 26, '2021-08-19 15:33:24', '::1', 1),
	(162, 789456, 'Asesor SAC    ', 'Sac', 'sac', 1, 1, 4, 2, '2021-08-19 15:38:13', '::1', 1),
	(163, 641321, 'PRUEBAS  ', 'Pruebas', 'prueba.master', 1, 1, 1, 26, '2021-08-20 10:25:06', '::1', 1),
	(164, 641321, 'PRUEBAS   ', 'ppppp', 'prueba.master', 1, 1, 1, 26, '2021-08-20 11:50:42', '::1', 1),
	(165, 2147483647, 'carlos andres', 'bustos', 'carlos.bustos', 1, 1, 4, 27, '2021-08-20 12:45:31', '::1', 1),
	(166, 456132, 'pruebaaa', 'pruebaaa', 'pp.login', 1, 1, 4, 28, '2021-08-20 12:46:43', '::1', 1);
/*!40000 ALTER TABLE `historico_usuario` ENABLE KEYS */;

-- Volcando estructura para tabla gestiongopass.localidad
CREATE TABLE IF NOT EXISTS `localidad` (
  `localidadId` int(11) NOT NULL AUTO_INCREMENT,
  `nombre` varchar(45) NOT NULL,
  `estado` tinyint(1) NOT NULL,
  `ciudadId` int(11) NOT NULL,
  PRIMARY KEY (`localidadId`),
  KEY `ciudadId` (`ciudadId`),
  CONSTRAINT `localidad_ibfk_1` FOREIGN KEY (`ciudadId`) REFERENCES `ciudad` (`ciudadId`) ON DELETE CASCADE ON UPDATE CASCADE
) ENGINE=InnoDB AUTO_INCREMENT=67 DEFAULT CHARSET=latin1;

-- Volcando datos para la tabla gestiongopass.localidad: ~48 rows (aproximadamente)
#DELETE FROM `localidad`;
/*!40000 ALTER TABLE `localidad` DISABLE KEYS */;
INSERT INTO `localidad` (`localidadId`, `nombre`, `estado`, `ciudadId`) VALUES
	(3, 'ZONA NORTE', 1, 1),
	(8, 'ZONA SUR', 1, 1),
	(14, 'MEDELLIN', 1, 2),
	(15, 'CALI', 1, 3),
	(16, 'BUCARAMANGA', 1, 4),
	(19, 'ANTONIO NARIÑO', 1, 1),
	(20, 'BARRIOS UNIDOS', 1, 1),
	(21, 'BOSA', 1, 1),
	(22, 'CHAPINERO', 1, 1),
	(23, 'CIUDAD BOLIVAR', 1, 1),
	(24, 'ENGATIVA', 1, 1),
	(25, 'FONTIBON', 1, 1),
	(26, 'KENNEDY', 1, 1),
	(27, 'LA CANDELARIA', 1, 1),
	(28, 'LOS MARTIRES', 1, 1),
	(29, 'PUENTE ARANDA', 1, 1),
	(30, 'RAFAEL URIBE URIBE', 1, 1),
	(31, 'SAN CRISTOBAL', 1, 1),
	(32, 'SANTA FE', 1, 1),
	(33, 'SUBA', 1, 1),
	(35, 'TEUSAQUILLO', 1, 1),
	(36, 'TUNJUELITO', 1, 1),
	(37, 'USAQUEN', 1, 1),
	(38, 'USME', 1, 1),
	(39, 'FUNZA', 1, 1),
	(40, 'CAJICA', 1, 503),
	(41, 'SOACHA', 1, 50),
	(42, 'MOSQUERA', 1, 549),
	(43, 'LA CALERA', 1, 539),
	(44, 'ZIPAQUIRA', 1, 606),
	(45, 'MADRID', 1, 546),
	(46, 'COTA', 1, 513),
	(47, 'TOCANCIPA', 1, 591),
	(48, 'CARTAGENITA', 1, 8),
	(49, 'CHIA', 1, 508),
	(50, 'SOPO', 1, 578),
	(51, 'FACATATIVA', 1, 518),
	(52, 'SIBERIA', 1, 1),
	(53, 'BARRANQUILLA', 1, 5),
	(55, 'IBAGUE', 1, 30),
	(56, 'TUNJA', 1, 9),
	(57, 'VILLAVICENCIO', 1, 22),
	(61, 'NEIVA', 1, 19),
	(62, 'EJE CAFETERO', 1, 49),
	(63, 'PASTO', 1, 23),
	(64, 'MONTERIA', 1, 16),
	(65, 'VALLEDUPAR', 1, 14),
	(66, 'SINCELEJO', 1, 29);
/*!40000 ALTER TABLE `localidad` ENABLE KEYS */;

-- Volcando estructura para tabla gestiongopass.persona
CREATE TABLE IF NOT EXISTS `persona` (
  `cedulaPersona` int(11) NOT NULL,
  `nombre` varchar(45) NOT NULL,
  `apellido` varchar(45) NOT NULL,
  `telefono` int(11) DEFAULT NULL,
  `celularLlamadas` int(11) DEFAULT NULL,
  `tipoId` int(11) NOT NULL,
  `celularWhatsapp` int(11) DEFAULT NULL,
  `usuarioId` int(11) DEFAULT NULL,
  `ip` varchar(45) DEFAULT NULL,
  PRIMARY KEY (`cedulaPersona`),
  KEY `tipoId` (`tipoId`),
  CONSTRAINT `persona_ibfk_1` FOREIGN KEY (`tipoId`) REFERENCES `tipoidentificacion` (`tipoId`) ON DELETE CASCADE ON UPDATE CASCADE
) ENGINE=InnoDB DEFAULT CHARSET=latin1;

-- Volcando datos para la tabla gestiongopass.persona: ~63 rows (aproximadamente)
#DELETE FROM `persona`;
/*!40000 ALTER TABLE `persona` DISABLE KEYS */;
INSERT INTO `persona` (`cedulaPersona`, `nombre`, `apellido`, `telefono`, `celularLlamadas`, `tipoId`, `celularWhatsapp`, `usuarioId`, `ip`) VALUES
	(1212, 'prueba 9', 'prueba 9', 4528252, 2147483647, 1, 2147483647, NULL, NULL),
	(3434, 'Pruebas', 'Cargue', 4528252, 2147483647, 1, 2147483647, 1, '::1'),
	(34657, 'Pruebas', 'Cargue', 4528252, 2147483647, 1, 2147483647, 1, '::1'),
	(54988, 'pruebas 4', 'pruebas 4', 4652358, 2147483647, 2, 2147483647, 1, '::1'),
	(56465, 'Pruebas', 'Cargue', 4528252, 2147483647, 1, 2147483647, 1, '::1'),
	(56498, 'pruebas 3', 'pruebas 3', 4652358, 2147483647, 2, 2147483647, 1, '::1'),
	(121212, 'asasas', 'asasas', 2147483647, 2147483647, 1, 12132323, 12, '::1'),
	(134736, 'Cristian', 'bustos', 4528252, 2147483647, 1, 2147483647, 12, '::1'),
	(345678, 'Pruebas 101', 'PRUEBAS 101', 4528252, 2147483647, 1, 2147483647, 12, '::1'),
	(654654, 'prueba 10', 'prueba 10', 4528252, 2147483647, 1, 2147483647, NULL, NULL),
	(657987, 'pruebas 2', 'pruebas 2', 4652358, 2147483647, 1, 2147483647, 1, '::1'),
	(789456, 'pruebas 2 ', 'pruebas 2', 4528252, 2147483647, 1, 2147483647, NULL, NULL),
	(852147, 'pruebas 5 ', 'pruebas 5', 4528252, 2147483647, 1, 2147483647, NULL, NULL),
	(987654, 'prueba 6', 'prueba 6', 4652358, 2147483647, 1, 2147483647, NULL, NULL),
	(999999, 'Pruebas', 'Cargue', 4528252, 2147483647, 1, 2147483647, 1, '::1'),
	(4646543, 'pruebas 1', 'pruebas 1', 4652358, 2147483647, 1, 2147483647, 1, '::1'),
	(4654981, 'prueba 7', 'prueba 7 ', 2147483647, 2147483647, 1, 2147483647, NULL, NULL),
	(9999999, 'pruebas pruebas', 'pruebas pruebas', 4528252, 2147483647, 1, 2147483647, 12, '::1'),
	(14273142, 'Pruebas', 'Pruebas', 4528252, 2147483647, 1, 2147483647, NULL, NULL),
	(52464321, 'Pruebas', 'Cargue', 4528252, 2147483647, 1, 2147483647, 1, '::1'),
	(147852369, 'pruebas 3', 'pruebas 3', 4528252, 2147483647, 2, 2147483647, NULL, NULL),
	(934111475, 'BERTA', 'GALOBART GARCIA', 4561236, 2147483647, 1, 2147483647, NULL, NULL),
	(934500611, 'DAVID', 'BIDAULT PUEYO', 4652624, 2147483647, 1, 2147483647, NULL, NULL),
	(935687444, 'BERTA', 'LÓPEZ GARRIGASSAIT', 4528252, 2147483647, 1, 2147483647, NULL, NULL),
	(935880712, 'LAURA', 'BIDAULT CULLERÉS', 4561236, 2147483647, 1, 2147483647, NULL, NULL),
	(936012445, 'IVAN', 'LIBORI FIGUERAS', 4652358, 2147483647, 1, 2147483647, NULL, NULL),
	(936512105, 'MARIO', 'PASCUAL FLORES', 4561236, 2147483647, 1, 2147483647, NULL, NULL),
	(936512545, 'RAMON', 'MORALES GESE', 4561236, 2147483647, 1, 2147483647, NULL, NULL),
	(936520471, 'GEMMA', 'GARCIA ALMOGUERA', 4528252, 2147483647, 1, 2147483647, NULL, NULL),
	(936520547, 'ESTHER', 'PASCUAL ALOY', 4528252, 2147483647, 1, 2147483647, NULL, NULL),
	(936520741, 'GERARD', 'LÓPEZ DE PABLO GARCIA UCEDA', 4528252, 2147483647, 1, 2147483647, NULL, NULL),
	(936524446, 'TONI', 'MAS FRANCH', 4561236, 2147483647, 1, 2147483647, NULL, NULL),
	(936541235, 'SILVIA', 'RASERO GAVILAN', 4652358, 2147483647, 1, 2147483647, NULL, NULL),
	(936542775, 'DOUNYA', 'ZAFRA FIGULS', 4528252, 2147483647, 1, 2147483647, NULL, NULL),
	(936545115, 'QUERALT', 'VISO GILABERT', 4652358, 2147483647, 1, 2147483647, NULL, NULL),
	(936565656, 'LAURA', 'VALLÉS GIRVENT', 4652358, 2147483647, 1, 2147483647, NULL, NULL),
	(936584541, 'MARIA', 'MOLINER GARRIDO', 4561236, 2147483647, 1, 2147483647, NULL, NULL),
	(936658711, 'MIREIA', 'SÁNCHEZ GÓMEZ', 4528252, 2147483647, 1, 2147483647, NULL, NULL),
	(936752156, 'RAQUEL', 'RAYA GARCIA', 4652624, 2147483647, 1, 2147483647, NULL, NULL),
	(936875255, 'JORDI', 'BIOSCA FONTANET', 4528252, 2147483647, 1, 2147483647, NULL, NULL),
	(936875544, 'LLUÍS', 'ZAMBUDIO FIGULS', 4561236, 2147483647, 1, 2147483647, NULL, NULL),
	(937785655, 'DAVID-JESE', 'BLANCO FONTANET', 4561236, 2147483647, 1, 2147483647, NULL, NULL),
	(937809812, 'ADRIÀ', 'BERENGUERAS CULLERÉS', 4528252, 2147483647, 1, 2147483647, NULL, NULL),
	(937885544, 'XAVIER', 'BENITEZ JOSE', 4561236, 2147483647, 1, 2147483647, NULL, NULL),
	(938200022, 'ANDREU', 'BADIA TORNÉ', 4652624, 2147483647, 1, 2147483647, NULL, NULL),
	(938202200, 'JESUS', 'AYALA TORNÉ', 4528252, 2147483647, 1, 2147483647, NULL, NULL),
	(938202456, 'ELIOT', 'ARNAU MORENO', 4652358, 2147483647, 1, 2147483647, NULL, NULL),
	(938202768, 'JOAN', 'AYALA FERRERAS', 4652624, 2147483647, 1, 2147483647, NULL, NULL),
	(938204054, 'ALBERT', 'ARNALOT PUIG', 4652624, 2147483647, 1, 2147483647, NULL, NULL),
	(938205580, 'ESTEFANIA', 'AROCAS PASADAS', 4528252, 2147483647, 1, 2147483647, NULL, NULL),
	(938206097, 'JOAN MARTÍ', 'ASENSIO VEGA', 4528252, 2147483647, 1, 2147483647, NULL, NULL),
	(938300025, 'JOAN', 'ANDREU CRUZ', 4561236, 2147483647, 1, 2147483647, NULL, NULL),
	(938300385, 'ARAN', 'ALVAREZ FERNÁNDEZ', 4528252, 2147483647, 1, 2147483647, NULL, NULL),
	(938305295, 'MARIA ISABEL', 'ALIGUÉ BONVEHÍ', 4652624, 2147483647, 1, 2147483647, NULL, NULL),
	(938305551, 'ALEJANDRO', 'ALOY COMPTE', 4561236, 2147483647, 1, 2147483647, NULL, NULL),
	(938350521, 'MARC', 'BASTARDES SOTO', 4561236, 2147483647, 1, 2147483647, NULL, NULL),
	(938385567, 'MARIA ISABEL', 'BARALDÉS COMAS', 4561236, 2147483647, 1, 2147483647, NULL, NULL),
	(938727844, 'JOAN', 'BAEZ TEJADO', 4561236, 2147483647, 1, 2147483647, NULL, NULL),
	(938754554, 'JORDI', 'RAYA GAVILAN', 4652624, 2147483647, 1, 2147483647, NULL, NULL),
	(938755645, 'JOSEP', 'ANGUERA VILAFRANCA', 4528252, 2147483647, 1, 2147483647, NULL, NULL),
	(938773545, 'JULIO', 'ALEU ICART', 4652358, 2147483647, 1, 2147483647, NULL, NULL),
	(938773941, 'GEMMA', 'ALAVEDRA SUNYÉ', 4652358, 2147483647, 1, 2147483647, NULL, NULL),
	(939965585, 'GEMMA', 'LISTAN FIGUERAS', 4528252, 2147483647, 1, 2147483647, NULL, NULL),
	(963147528, 'pruebas 4 ', 'pruebas 4', 36987415, 2147483647, 1, 2147483647, NULL, NULL),
	(1016097645, 'Carlos', 'Bustos', 4528252, 2147483647, 1, 2147483647, NULL, NULL),
	(1212122467, 'asdgdf', 'adhgdfd', 12345, 13245, 1, 2445, 12, '::1'),
	(1213243534, 'prueba 8', 'prueba 8', 2147483647, 2147483647, 1, 2147483647, NULL, NULL);
/*!40000 ALTER TABLE `persona` ENABLE KEYS */;

-- Volcando estructura para tabla gestiongopass.puntoactivacion
CREATE TABLE IF NOT EXISTS `puntoactivacion` (
  `puntoActivacionId` int(11) NOT NULL AUTO_INCREMENT,
  `nombre` varchar(45) NOT NULL,
  `fechaCreacion` datetime DEFAULT NULL,
  `ciudadId` int(11) NOT NULL,
  `estado` tinyint(1) NOT NULL,
  `ip` varchar(45) NOT NULL,
  `usuarioId` int(11) NOT NULL,
  PRIMARY KEY (`puntoActivacionId`),
  KEY `usuarioId` (`usuarioId`),
  KEY `ciudadId` (`ciudadId`),
  CONSTRAINT `puntoactivacion_ibfk_1` FOREIGN KEY (`usuarioId`) REFERENCES `usuario` (`usuarioId`) ON DELETE CASCADE ON UPDATE CASCADE,
  CONSTRAINT `puntoactivacion_ibfk_2` FOREIGN KEY (`ciudadId`) REFERENCES `localidad` (`ciudadId`) ON DELETE CASCADE ON UPDATE CASCADE
) ENGINE=InnoDB DEFAULT CHARSET=latin1;

-- Volcando datos para la tabla gestiongopass.puntoactivacion: ~0 rows (aproximadamente)
#DELETE FROM `puntoactivacion`;
/*!40000 ALTER TABLE `puntoactivacion` DISABLE KEYS */;
/*!40000 ALTER TABLE `puntoactivacion` ENABLE KEYS */;

-- Volcando estructura para tabla gestiongopass.rol
CREATE TABLE IF NOT EXISTS `rol` (
  `rolId` int(11) NOT NULL AUTO_INCREMENT,
  `nombre` varchar(45) NOT NULL,
  `fechaCreacion` datetime DEFAULT NULL,
  `estado` tinyint(1) NOT NULL,
  PRIMARY KEY (`rolId`)
) ENGINE=InnoDB AUTO_INCREMENT=6 DEFAULT CHARSET=latin1;

-- Volcando datos para la tabla gestiongopass.rol: ~2 rows (aproximadamente)
#DELETE FROM `rol`;
/*!40000 ALTER TABLE `rol` DISABLE KEYS */;
INSERT INTO `rol` (`rolId`, `nombre`, `fechaCreacion`, `estado`) VALUES
	(1, 'MASTER', '0000-00-00 00:00:00', 1),
	(3, 'COORDINADOR', '0000-00-00 00:00:00', 1),
	(4, 'SAC', '0000-00-00 00:00:00', 1),
	(5, 'ASESOR COMERCIAL', '0000-00-00 00:00:00', 1);
/*!40000 ALTER TABLE `rol` ENABLE KEYS */;

-- Volcando estructura para tabla gestiongopass.tipificacion
CREATE TABLE IF NOT EXISTS `tipificacion` (
  `tipificacionId` int(11) NOT NULL AUTO_INCREMENT,
  `nombre` varchar(45) NOT NULL,
  `fechaCreacion` datetime DEFAULT NULL,
  `estado` tinyint(1) NOT NULL,
  PRIMARY KEY (`tipificacionId`)
) ENGINE=InnoDB AUTO_INCREMENT=220 DEFAULT CHARSET=latin1;

-- Volcando datos para la tabla gestiongopass.tipificacion: ~5 rows (aproximadamente)
#DELETE FROM `tipificacion`;
/*!40000 ALTER TABLE `tipificacion` DISABLE KEYS */;
INSERT INTO `tipificacion` (`tipificacionId`, `nombre`, `fechaCreacion`, `estado`) VALUES
	(200, 'VENTA EFECTIVA', '2021-08-09 00:00:00', 1),
	(215, 'AGENDAMIENTO', '2021-08-09 00:00:00', 1),
	(216, 'NO CONTACTO\n', '2021-08-09 00:00:00', 1),
	(217, 'VOLVER A LLAMAR\n', '2021-08-09 00:00:00', 1),
	(218, 'REAGENDADO', '2021-08-09 00:00:00', 1),
	(219, 'DESISTE', '2021-08-09 00:00:00', 1);
/*!40000 ALTER TABLE `tipificacion` ENABLE KEYS */;

-- Volcando estructura para tabla gestiongopass.tipobono
CREATE TABLE IF NOT EXISTS `tipobono` (
  `tipoBonoId` int(11) NOT NULL AUTO_INCREMENT,
  `nombre` varchar(45) NOT NULL,
  `estado` tinyint(1) DEFAULT NULL,
  PRIMARY KEY (`tipoBonoId`)
) ENGINE=InnoDB AUTO_INCREMENT=8 DEFAULT CHARSET=latin1;

-- Volcando datos para la tabla gestiongopass.tipobono: ~6 rows (aproximadamente)
#DELETE FROM `tipobono`;
/*!40000 ALTER TABLE `tipobono` DISABLE KEYS */;
INSERT INTO `tipobono` (`tipoBonoId`, `nombre`, `estado`) VALUES
	(1, 'No aplica', 1),
	(2, 'BONO 1', 1),
	(3, 'BONO 2', 1),
	(4, 'BONO 3', 1),
	(5, 'BONO 4', 1),
	(6, 'BONO 5', 1),
	(7, 'BONO 6', 1);
/*!40000 ALTER TABLE `tipobono` ENABLE KEYS */;

-- Volcando estructura para tabla gestiongopass.tipoidentificacion
CREATE TABLE IF NOT EXISTS `tipoidentificacion` (
  `tipoId` int(11) NOT NULL AUTO_INCREMENT,
  `nombre` varchar(45) NOT NULL,
  PRIMARY KEY (`tipoId`)
) ENGINE=InnoDB AUTO_INCREMENT=4 DEFAULT CHARSET=latin1;

-- Volcando datos para la tabla gestiongopass.tipoidentificacion: ~2 rows (aproximadamente)
#DELETE FROM `tipoidentificacion`;
/*!40000 ALTER TABLE `tipoidentificacion` DISABLE KEYS */;
INSERT INTO `tipoidentificacion` (`tipoId`, `nombre`) VALUES
	(1, 'CC'),
	(2, 'CE'),
	(3, 'NO APLICA');
/*!40000 ALTER TABLE `tipoidentificacion` ENABLE KEYS */;

-- Volcando estructura para tabla gestiongopass.tipomembresia
CREATE TABLE IF NOT EXISTS `tipomembresia` (
  `tipoMembresiaId` int(11) NOT NULL AUTO_INCREMENT,
  `nombre` varchar(45) NOT NULL,
  `estado` tinyint(1) DEFAULT NULL,
  PRIMARY KEY (`tipoMembresiaId`)
) ENGINE=InnoDB AUTO_INCREMENT=8 DEFAULT CHARSET=latin1;

-- Volcando datos para la tabla gestiongopass.tipomembresia: ~7 rows (aproximadamente)
#DELETE FROM `tipomembresia`;
/*!40000 ALTER TABLE `tipomembresia` DISABLE KEYS */;
INSERT INTO `tipomembresia` (`tipoMembresiaId`, `nombre`, `estado`) VALUES
	(1, 'No aplica', 1),
	(2, 'Membresía 1', 1),
	(3, 'Membresía 2', 1),
	(4, 'Membresía 3', 1),
	(5, 'Membresía 4', 1),
	(6, 'Membresía 5', 1),
	(7, 'Membresía 6', 1);
/*!40000 ALTER TABLE `tipomembresia` ENABLE KEYS */;

-- Volcando estructura para tabla gestiongopass.usuario
CREATE TABLE IF NOT EXISTS `usuario` (
  `usuarioId` int(11) NOT NULL AUTO_INCREMENT,
  `cedula` int(11) NOT NULL,
  `nombre` varchar(45) NOT NULL,
  `apellido` varchar(45) NOT NULL,
  `login` varchar(45) NOT NULL,
  `password` varchar(255) NOT NULL,
  `estado` tinyint(1) NOT NULL,
  `rolId` int(11) NOT NULL,
  `ip` varchar(45) DEFAULT NULL,
  `dateAction` datetime DEFAULT NULL,
  `usuarioModifico` int(11) DEFAULT NULL,
  `cambioPassword` int(1) DEFAULT NULL,
  PRIMARY KEY (`usuarioId`),
  KEY `rolId` (`rolId`),
  CONSTRAINT `usuario_ibfk_1` FOREIGN KEY (`rolId`) REFERENCES `rol` (`rolId`) ON DELETE CASCADE ON UPDATE CASCADE
) ENGINE=InnoDB AUTO_INCREMENT=29 DEFAULT CHARSET=latin1;

-- Volcando datos para la tabla gestiongopass.usuario: ~7 rows (aproximadamente)
#DELETE FROM `usuario`;
/*!40000 ALTER TABLE `usuario` DISABLE KEYS */;
INSERT INTO `usuario` (`usuarioId`, `cedula`, `nombre`, `apellido`, `login`, `password`, `estado`, `rolId`, `ip`, `dateAction`, `usuarioModifico`, `cambioPassword`) VALUES
	(1, 123456, 'ALEXANDER  ', 'MENDEZ', 'elalexmendez', '$2y$10$gUI1aLgnTu15husjcY8xB.IwxpArYGdDOPHw4K5k.JoTLIgQNP8I2', 1, 3, '::1', '2021-09-09 08:45:47', NULL, 0),
	(2, 789456, 'Asesor SAC    ', 'Sac', 'sac', '$2y$10$hZlAp0avmyVMOYR5xQS4RO9a4JP/UKCOD/6CGXtRv1zDFxgYxGGhi', 1, 4, '::1', '2021-09-01 08:38:58', 4, 0),
	(4, 555555, 'MASTER  ', 'MASTER', 'MASTER', '$2y$10$7ALVT0rC/BkrVfKh5P.wWObcjlSgOGJqcgXWoh0J7abu52THIdFUq', 1, 1, '::1', NULL, NULL, NULL),
	(12, 456123, 'PRUEBA4 ', 'Asesor', 'PRUEBA.ASESOR', '$2y$10$5UPGEFV1IAnI.bpWhppOI.o0ojJXa5.CUA4Z2mjXL022E8Pxu.GL6', 1, 5, '::1', '2021-08-23 09:12:39', 4, 0),
	(26, 641321, 'PRUEBAS   ', 'ppppp', 'prueba.master', '$2y$10$MAEVSOqZAMnwiWITwKhEg.pbxrhGfQY2fDD/mQVSqU37ibDOayRLW', 1, 1, '::1', NULL, NULL, NULL),
	(27, 2147483647, 'carlos andres', 'bustos', 'carlos.bustos', '$2y$10$U/TssJeEd/vImXUfHMVdE.t0B9vC4glmwoMnbbDkrYzGMHntqa4Pq', 1, 4, '::1', NULL, NULL, NULL),
	(28, 456132, 'pruebaaa', 'pruebaaa', 'pp.login', '7c4a8d09ca3762af61e59520943dc26494f8941b', 1, 4, '::1', NULL, NULL, NULL);
/*!40000 ALTER TABLE `usuario` ENABLE KEYS */;

-- Volcando estructura para tabla gestiongopass.ventatag
CREATE TABLE IF NOT EXISTS `ventatag` (
  `tagAsociado` int(11) NOT NULL,
  PRIMARY KEY (`tagAsociado`)
) ENGINE=InnoDB DEFAULT CHARSET=latin1;

-- Volcando datos para la tabla gestiongopass.ventatag: ~2 rows (aproximadamente)
#DELETE FROM `ventatag`;
/*!40000 ALTER TABLE `ventatag` DISABLE KEYS */;
INSERT INTO `ventatag` (`tagAsociado`) VALUES
	(0),
	(123456);
/*!40000 ALTER TABLE `ventatag` ENABLE KEYS */;

-- Volcando estructura para disparador gestiongopass.convenio_AFTER_DELETE
SET @OLDTMP_SQL_MODE=@@SQL_MODE, SQL_MODE='NO_AUTO_CREATE_USER,NO_ENGINE_SUBSTITUTION';
DELIMITER //
CREATE TRIGGER `gestiongopass`.`convenio_AFTER_DELETE` AFTER DELETE ON `convenio` FOR EACH ROW
BEGIN
insert into historico_convenio(nombre, fechaDelete, estado, convenioId, usuarioId, ip, fechaUpdate, fechaInsert)
values(old.nombre, now(), old.estado, old.convenioId, old.usuarioId, old.ip, null, null);
END//
DELIMITER ;
SET SQL_MODE=@OLDTMP_SQL_MODE;

-- Volcando estructura para disparador gestiongopass.convenio_AFTER_INSERT
SET @OLDTMP_SQL_MODE=@@SQL_MODE, SQL_MODE='NO_AUTO_CREATE_USER,NO_ENGINE_SUBSTITUTION';
DELIMITER //
CREATE TRIGGER `gestiongopass`.`convenio_AFTER_INSERT` AFTER INSERT ON `convenio` FOR EACH ROW
BEGIN
insert into historico_convenio(nombre, fechaInsert, estado, convenioId, usuarioId, ip, fechaUpdate, fechaDelete)
values(new.nombre, now(), new.estado, new.convenioId, new.usuarioId, new.ip, null, null);
END//
DELIMITER ;
SET SQL_MODE=@OLDTMP_SQL_MODE;

-- Volcando estructura para disparador gestiongopass.convenio_AFTER_UPDATE
SET @OLDTMP_SQL_MODE=@@SQL_MODE, SQL_MODE='NO_AUTO_CREATE_USER,NO_ENGINE_SUBSTITUTION';
DELIMITER //
CREATE TRIGGER `gestiongopass`.`convenio_AFTER_UPDATE` AFTER UPDATE ON `convenio` FOR EACH ROW
BEGIN
insert into historico_convenio(nombre, fechaUpdate, estado, convenioId, usuarioId, ip, fechaDelete, fechaInsert)
values(new.nombre, now(), new.estado, new.convenioId, new.usuarioId, new.ip, null, null);
END//
DELIMITER ;
SET SQL_MODE=@OLDTMP_SQL_MODE;

-- Volcando estructura para disparador gestiongopass.gestiongopass_AFTER_INSERT
SET @OLDTMP_SQL_MODE=@@SQL_MODE, SQL_MODE='NO_AUTO_CREATE_USER,NO_ENGINE_SUBSTITUTION';
DELIMITER //
CREATE TRIGGER `gestiongopass`.`gestiongopass_AFTER_INSERT` AFTER INSERT ON `gestiongopass` FOR EACH ROW
BEGIN
insert into historico_gestiongopass(placa, fechaGestion, fechaReagendamiento, fechaVolverLlamar, fechaEntrega, observacion, 
	numTags, ip, conoceMembresias, tipificacionId, convenioId, barrioId, franjaHoraria, cedulaPersona, usuarioId, presentacionPersonal, 
	direccionCasa, direccionEntrega, tipoBonoId, tipoMembresiaId, campanaId, calificacionPresentacionPersonal, calificacionInfoClara, 
	calificacionAcompanamiento, calificacionTiempoEspera, calificacionComportamiento, calificacionAmabilidad, motivoNoContacto, 
	tagAsociado, fechaActivacion, redimeBono, fechaRedimeBono, adquiereMembresia, puntoActivacionId, fechaCreacion, fechaUpdate, 
	fechaDelete, gestionId, existeContacto)
	values(new.placa, new.fechaGestion, new.fechaReagendamiento, new.fechaVolverLlamar, new.fechaEntrega, new.observacion, 
	new.numTags, new.ip, new.conoceMembresias, new.tipificacionId, new.convenioId, new.barrioId, new.franjaHoraria, new.cedulaPersona, new.usuarioId, 
	new.presentacionPersonal, new.direccionCasa, new.direccionEntrega, new.tipoBonoId, new.tipoMembresiaId, new.campanaId, 
	new.calificacionPresentacionPersonal, new.calificacionInfoClara, new.calificacionAcompanamiento, new.calificacionTiempoEspera, 
	new.calificacionComportamiento, new.calificacionAmabilidad, new.motivoNoContacto, new.tagAsociado, new.fechaActivacion, 
	new.redimeBono, new.fechaRedimeBono, new.adquiereMembresia, new.puntoActivacionId, now(), null, null, new.gestionId, new.existeContacto);
END//
DELIMITER ;
SET SQL_MODE=@OLDTMP_SQL_MODE;

-- Volcando estructura para disparador gestiongopass.gestiongopass_AFTER_UPDATE
SET @OLDTMP_SQL_MODE=@@SQL_MODE, SQL_MODE='NO_AUTO_CREATE_USER,NO_ENGINE_SUBSTITUTION';
DELIMITER //
CREATE TRIGGER `gestiongopass`.`gestiongopass_AFTER_UPDATE` AFTER UPDATE ON `gestiongopass` FOR EACH ROW
BEGIN
insert into historico_gestiongopass(placa, fechaGestion, fechaReagendamiento, fechaVolverLlamar, fechaEntrega, observacion, 
	numTags, ip, conoceMembresias, tipificacionId, convenioId, barrioId, franjaHoraria, cedulaPersona, usuarioId, presentacionPersonal, 
	direccionCasa, direccionEntrega, tipoBonoId, tipoMembresiaId, campanaId, calificacionPresentacionPersonal, calificacionInfoClara, 
	calificacionAcompanamiento, calificacionTiempoEspera, calificacionComportamiento, calificacionAmabilidad, motivoNoContacto, 
	tagAsociado, fechaActivacion, redimeBono, fechaRedimeBono, adquiereMembresia, puntoActivacionId, fechaCreacion, fechaUpdate, 
	fechaDelete, gestionId, existeContacto)
	values(new.placa, new.fechaGestion, new.fechaReagendamiento, new.fechaVolverLlamar, new.fechaEntrega, new.observacion, 
	new.numTags, new.ip, new.conoceMembresias, new.tipificacionId, new.convenioId, new.barrioId, new.franjaHoraria, new.cedulaPersona, new.usuarioId, 
	new.presentacionPersonal, new.direccionCasa, new.direccionEntrega, new.tipoBonoId, new.tipoMembresiaId, new.campanaId, 
	new.calificacionPresentacionPersonal, new.calificacionInfoClara, new.calificacionAcompanamiento, new.calificacionTiempoEspera, 
	new.calificacionComportamiento, new.calificacionAmabilidad, new.motivoNoContacto, new.tagAsociado, new.fechaActivacion, 
	new.redimeBono, new.fechaRedimeBono, new.adquiereMembresia, new.puntoActivacionId, null, now(), null, new.gestionId, new.existeContacto);
END//
DELIMITER ;
SET SQL_MODE=@OLDTMP_SQL_MODE;

-- Volcando estructura para disparador gestiongopass.persona_AFTER_DELETE
SET @OLDTMP_SQL_MODE=@@SQL_MODE, SQL_MODE='NO_AUTO_CREATE_USER,NO_ENGINE_SUBSTITUTION';
DELIMITER //
CREATE TRIGGER `gestiongopass`.`persona_AFTER_DELETE` AFTER DELETE ON `persona` FOR EACH ROW
BEGIN
insert into historico_persona(nombre, apellido, telefono, celularLlamadas, tipoId, celularWhatsapp, cedulaPersona, fechaDelete, usuarioId, ip)
values(old.nombre, old.apellido, old.telefono, old.celularLlamadas, old.tipoId, old.celularWhatsapp, old.cedulaPersona, now(), old.usuarioId, old.ip);
END//
DELIMITER ;
SET SQL_MODE=@OLDTMP_SQL_MODE;

-- Volcando estructura para disparador gestiongopass.persona_AFTER_INSERT
SET @OLDTMP_SQL_MODE=@@SQL_MODE, SQL_MODE='NO_AUTO_CREATE_USER,NO_ENGINE_SUBSTITUTION';
DELIMITER //
CREATE TRIGGER `gestiongopass`.`persona_AFTER_INSERT` AFTER INSERT ON `persona` FOR EACH ROW
BEGIN
insert into historico_persona(nombre, apellido, telefono, celularLlamadas, tipoId, celularWhatsapp, cedulaPersona, fechaCreate, usuarioId, ip)
values(new.nombre, new.apellido, new.telefono, new.celularLlamadas, new.tipoId, new.celularWhatsapp, new.cedulaPersona, now(), new.usuarioId, new.ip);
END//
DELIMITER ;
SET SQL_MODE=@OLDTMP_SQL_MODE;

-- Volcando estructura para disparador gestiongopass.persona_AFTER_UPDATE
SET @OLDTMP_SQL_MODE=@@SQL_MODE, SQL_MODE='NO_AUTO_CREATE_USER,NO_ENGINE_SUBSTITUTION';
DELIMITER //
CREATE TRIGGER `gestiongopass`.`persona_AFTER_UPDATE` AFTER UPDATE ON `persona` FOR EACH ROW
BEGIN
insert into historico_persona(nombre, apellido, telefono, celularLlamadas, tipoId, celularWhatsapp, cedulaPersona, fechaUpdate, usuarioId, ip)
values(new.nombre, new.apellido, new.telefono, new.celularLlamadas, new.tipoId, new.celularWhatsapp, new.cedulaPersona, now(), new.usuarioId, new.ip);
END//
DELIMITER ;
SET SQL_MODE=@OLDTMP_SQL_MODE;

/*!40101 SET SQL_MODE=IFNULL(@OLD_SQL_MODE, '') */;
/*!40014 SET FOREIGN_KEY_CHECKS=IFNULL(@OLD_FOREIGN_KEY_CHECKS, 1) */;
/*!40101 SET CHARACTER_SET_CLIENT=@OLD_CHARACTER_SET_CLIENT */;
/*!40111 SET SQL_NOTES=IFNULL(@OLD_SQL_NOTES, 1) */;
